product,total_fact,total_pred,error_abs,focus,abc_group,item_type,base_price
Пакет-майка Аленка БИО малый 28*50,6652.0,4133.8,2518.2001953125,Прочее,Unknown,Unknown,
Пакет АЛЕНКА фирменный ПВД малый 33*45,4914.0,4087.6,826.39990234375,Прочее,Unknown,Unknown,
Шоколад Аленка молочный 15 гр КРАСНЫЙ ОКТЯБРЬ,2830.0,1831.0,999.0,ТОП66,AA,ШОКОЛАД,11392.5
Вода минеральная СЕНЕЖСКАЯ столовая негазированная 0.5 л,1584.0,1704.6,120.5999755859375,Прочее,Unknown,Unknown,
Шоколад Аленка молочный 20 гр КРАСНЫЙ ОКТЯБРЬ,1410.0,1437.1,27.0999755859375,ТОП66,AA,ШОКОЛАД,13235.2
ШОКОЛАД Медали 7г,1316.0,824.1,491.9000244140625,Прочее,CC,ШОКОЛАД,18150.0
Пакет АЛЕНКА фирменный ПВД большой 40*50,1248.0,1719.3,471.300048828125,Прочее,Unknown,Unknown,
Шоколад СКАЗКА молочный 15 г,1143.0,978.3,164.70001220703125,ЛА,BC,ШОКОЛАД,9240.42
Шоколад СКАЗКА молочный со взрывной карамелью 15 г,1137.0,1284.5,147.5,ЛА,CC,ШОКОЛАД,9240.42
Пакет-майка Аленка БИО большой 36*58,996.0,1065.7,69.699951171875,Прочее,Unknown,Unknown,
Кофе американо,954.0,969.7,15.70001220703125,Прочее,Unknown,Unknown,
Набор 550 Аленка,944.0,636.3,307.70001220703125,Прочее,Unknown,Unknown,
Шоколад Люкс 20 гр,926.0,729.7,196.29998779296875,ТОП66,CC,ШОКОЛАД,13501.44
Шоколад Аленка молочный 60 гр КРАСНЫЙ ОКТЯБРЬ,906.0,644.7,261.29998779296875,Прочее,AA,ШОКОЛАД,9411.0
Набор 1600 Аленка,870.0,404.2,465.79998779296875,Прочее,Unknown,Unknown,
Мармелад Мишка ассорти 35 гр,842.0,876.1,34.0999755859375,Прочее,Unknown,Unknown,
Шоколад Аленка молочный с начинкой с клубничной нугой 20 гр,802.0,624.0,178.0,Прочее,CC,ШОКОЛАД,5007.36
КОНФ ВЕС Столичные,792.3489999999999,608.5,183.84899999999993,ТОП66,AA,КОНФЕТЫ ВЕСОВЫЕ,7634.6
"УПАКОВКА
коробка конфета большая",782.0,487.1,294.8999938964844,Прочее,Unknown,Unknown,
Кофе капучино,770.0,793.5,23.5,Прочее,Unknown,Unknown,
ШОКОЛАД Медали 25г,742.0,579.0,163.0,Прочее,CC,ШОКОЛАД,14802.18
Набор 890 Аленка,704.0,367.0,337.0,Прочее,Unknown,Unknown,
Шоколад Гвардейский горький 30 гр,693.0,658.6,34.4000244140625,Прочее,AA,ШОКОЛАД,10438.5
Набор 500 Аленка,684.0,577.7,106.29998779296875,Прочее,Unknown,Unknown,
Шоколад БАБАЕВСКИЙ с помадно-сливочной начинкой 50 г,601.0,852.5,251.5,ТОП66,AA,ШОКОЛАД,10628.4
Шоколад БАБАЕВСКИЙ Элитный 75% какао 20 гр,599.0,585.8,13.20001220703125,ТОП66,CC,ШОКОЛАД,15052.8
Шоколад Ореховый 40 гр БАБАЕВСКИЙ,588.0,531.2,56.79998779296875,Прочее,CC,ШОКОЛАД,11994.15
Шоколад Петербургские тайны с помадно-сливочной начинкой  50 гр,563.0,469.5,93.5,ЛА,CC,ШОКОЛАД,9566.25
Драже Грильяж в шоколаде 200 гр РОТ ФРОНТ,560.0,369.2,190.79998779296875,Прочее,AA,ДРАЖЕ,2618.8
Драже Изюм в шоколадной глазури 125 гр РОТ ФРОНТ,538.0,368.5,169.5,Прочее,CC,ДРАЖЕ,2559.3
Шоколад БАБАЕВСКИЙ горький 60 г,513.0,466.8,46.20001220703125,Прочее,AA,ШОКОЛАД,9597.75
Драже РОТ ФРОНТ Изюм в шоколадной глазури 50 гр,511.0,320.7,190.29998779296875,Прочее,CC,ДРАЖЕ,4736.0
Шоколад БАБАЕВСКИЙ с шоколадной  начинкой 50 г,503.0,594.5,91.5,ТОП66,AA,ШОКОЛАД,10628.4
Шоколад Аленка молочный с начинкой с мягкой карамелью и орехом 25 гр,481.0,462.2,18.79998779296875,Прочее,CC,ШОКОЛАД,6192.64
Ячменный напиток гран А.П. СЕЛИВАНОВ 75 гр,462.0,534.4,72.4000244140625,Прочее,Unknown,Unknown,
Мармелад в коробке 225 гр в ассортименте,460.0,390.8,69.20001220703125,Прочее,Unknown,Unknown,
КОНФ КОР Птичье молоко по ГОСТ 190 гр,459.0,319.3,139.70001220703125,ЛА,BC,КОНФЕТЫ В КОРОБКАХ,4516.92
Шоколад Петербургские тайны с шоколадной начинкой 50 гр,450.0,440.2,9.79998779296875,ЛА,CC,ШОКОЛАД,9566.25
Подарочный набор 930 гр,444.0,231.7,212.3000030517578,Прочее,Unknown,Unknown,
Шоколад СОРМОВО с шоколадной начинкой 50 г,436.0,463.4,27.399993896484375,ЛА,CC,ШОКОЛАД,8372.5
Шоколад Аленка много молока 75 гр КРАСНЫЙ ОКТЯБРЬ,424.0,208.1,215.89999389648438,ТОП66,AA,ШОКОЛАД,15882.24
Шоколад КРАСНЫЙ ОКТЯБРЬ горький 80% 75 гр,401.0,408.6,7.600006103515625,Прочее,CB,ШОКОЛАД,14049.84
Подарочный набор 680 Аленка,400.0,340.7,59.29998779296875,Прочее,Unknown,Unknown,
КОНФ КОР Сливочная помадка с цукатами 180 гр,396.0,81.299995,314.7000045776367,Прочее,CB,КОНФЕТЫ В КОРОБКАХ,1194.24
КОНФ КОР Сливочная помадка с цукатами 250 гр,396.0,254.2,141.8000030517578,Unknown,Unknown,Unknown,
"Вафли ""Артек плюс"" 18 г",394.0,348.0,46.0,ЛА,CC,ВАФЛИ,534.1
Шоколад СОРМОВО с помадно-сливочной начинкой 50 г,385.0,448.9,63.899993896484375,ЛА,BC,ШОКОЛАД,8372.5
Шоколад ПЕТЕРБУРГСКИЕ ТАЙНЫ горький 100 г,376.0,301.4,74.60000610351562,ЛА,CC,ШОКОЛАД,12632.0
ШОКОЛАД НИЖЕГОРОДСКАЯ ЯРМАРКА 100 г,342.0,292.0,50.0,ЛА,CC,ШОКОЛАД,15209.6
Драже Изюм в шоколадной глазури 200 гр РОТ ФРОНТ,340.0,282.7,57.29998779296875,Прочее,BB,ДРАЖЕ,2742.4
КОНФ ВЕС Столичные любимые,339.385,232.0,107.38499999999999,ЛА,BB,КОНФЕТЫ ВЕСОВЫЕ,3197.08
Вафли Аленка глазированные с жировой начинкой вкус кокос-ваниль 40 гр,338.0,264.7,73.29998779296875,ЛА,CC,ВАФЛИ,3396.0
Пряник ТУЛЬСКИЙ с начинкой вареная сгущенка 1/45,334.0,316.5,17.5,Прочее,BB,ПРЯНИКИ И КОВРИЖКИ,535.2
Шоколад ВДОХНОВЕНИЕ темный с начинкой груша и миндаль 40 г,314.0,336.2,22.20001220703125,Прочее,CC,ШОКОЛАД,10441.2
КОНФ КОР Южные орехи 145 гр КРАСНЫЙ ОКТЯБРЬ,301.0,233.0,68.0,Прочее,BB,КОНФЕТЫ В КОРОБКАХ,9350.4
Шоколад ВДОХНОВЕНИЕ темный классический 60 г,300.0,327.7,27.70001220703125,Прочее,AB,ШОКОЛАД,10356.000000000002
Шиповник гранулированный Княжеский А.П.Селиванов 75 гр,298.0,280.6,17.399993896484375,Прочее,Unknown,Unknown,
"Батончик злаковый Neo-Botanica NATURA с арахисом, кунжутом и шоколадными дропсами 29 гр",291.0,394.2,103.20001220703125,Прочее,CC,ЗЛАКОВЫЕ ИЗДЕЛИЯ,4378.88
Шоколад ПЕТЕРБУРГСКИЕ ТАЙНЫ молочный 100 г,288.0,249.6,38.399993896484375,ЛА,CC,ШОКОЛАД,12388.0
"Вафли ""Артек"" 75 гр  РОТ ФРОНТ",281.0,214.4,66.60000610351562,Прочее,BB,ВАФЛИ,2074.28
Новогодний подарок ЛЮБИМЫЕ С ДЕТСТВА ТУБА 501 гр,280.0,124.399994,155.60000610351562,Unknown,Unknown,Unknown,
"Вафли ""Лесная быль"" 250 гр РОТ ФРОНТ",278.0,194.5,83.5,Прочее,BA,ВАФЛИ,2784.48
Халва РОТ ФРОНТ,277.225,218.4,58.82500610351565,ТОП66,AA,ХАЛВА,4370.400000000001
Шоколад ВДОХНОВЕНИЕ молочный с начинкой фундук 40 г,276.0,316.1,40.100006103515625,Прочее,CC,ШОКОЛАД,10441.2
Шоколад Люкс 90 гр БАБАЕВСКИЙ,273.0,347.5,74.5,ТОП66,AA,ШОКОЛАД,16274.88
Шоколад Аленка молочный 90 гр КРАСНЫЙ ОКТЯБРЬ,273.0,395.0,122.0,ТОП66,AA,ШОКОЛАД,17867.7
Набор 730 Аленка,272.0,259.9,12.100006103515625,Прочее,Unknown,Unknown,
Набор 990 Аленка,272.0,182.5,89.5,Прочее,Unknown,Unknown,
Кофе латте,264.0,266.2,2.20001220703125,Прочее,Unknown,Unknown,
Шоколад ВДОХНОВЕНИЕ классический 100 г,263.0,434.9,171.89999389648438,ТОП66,AA,ШОКОЛАД,19919.24
"Какао-напиток растворимый А.П. СЕЛИВАНОВ ""Горячий шоколад"" 150 г",261.0,215.2,45.80000305175781,Unknown,Unknown,Unknown,
Шоколад СОРМОВО горький 100 г,259.0,216.0,43.0,ЛА,CC,ШОКОЛАД,15075.2
Цикорий гранулированный А.П. СЕЛИВАНОВ Императорский 90 гр,250.0,248.3,1.6999969482421875,Unknown,Unknown,Unknown,
Набор 520 Аленка,250.0,219.9,30.100006103515625,Прочее,Unknown,Unknown,
Набор 600 Аленка,246.0,180.5,65.5,Прочее,Unknown,Unknown,
Печенье АЛЕНКА с начинкой со вкусом бабл-гам 120 гр,243.0,183.4,59.600006103515625,Прочее,AA,ПЕЧЕНЬЕ,1117.1999999999998
Шоколад Аленка с начинкой вареная сгущенка 48 гр КРАСНЫЙ ОКТЯБРЬ,243.0,250.7,7.6999969482421875,Прочее,CC,ШОКОЛАД,8478.0
Упаковка 30,240.0,240.0,0.0,Прочее,Unknown,Unknown,
КОНФ КОР Птичье молоко 160 гр,240.0,199.5,40.5,ТОП66,BB,КОНФЕТЫ В КОРОБКАХ,4230.9
Шоколад Слава темный пористый 75 гр КРАСНЫЙ ОКТЯБРЬ,240.0,203.1,36.899993896484375,Прочее,BB,ШОКОЛАД,10132.4
"УПАКОВКА 
туба малая",240.0,245.6,5.600006103515625,Прочее,Unknown,Unknown,
КОНФ КОР Птичье молоко настоящее 200 гр РОТ ФРОНТ,238.0,256.6,18.600006103515625,ТОП66,AA,КОНФЕТЫ В КОРОБКАХ,4247.68
Шоколад Аленка с начинкой вкус крем-брюле 42 гр КРАСНЫЙ ОКТЯБРЬ,236.0,199.0,37.0,Прочее,BC,ШОКОЛАД,8478.0
КОНФ ВЕС БУТЫЛОЧКИ С КОНЬЯКОМ,235.15300000000002,203.4,31.753006103515645,ЛА,BB,КОНФЕТЫ ВЕСОВЫЕ,5194.53
КОНФ КОР СЛИВОЧНАЯ ПОМАДКА С АРАХИСОМ 220 гр,234.0,253.4,19.399993896484375,Unknown,Unknown,Unknown,
Упаковка 50 магазин Аленка,232.0,213.8,18.199996948242188,Прочее,Unknown,Unknown,
Шоколад Аленка молочный 200 гр КРАСНЫЙ ОКТЯБРЬ,232.0,285.6,53.600006103515625,ТОП66,AA,ШОКОЛАД,7772.76
КОНФ КОР Наслаждение клюквенное 150гр,231.0,200.8,30.199996948242188,Unknown,Unknown,Unknown,
Шоколад Аленка с фундуком и изюмом 90 гр,230.0,280.1,50.100006103515625,ТОП66,BB,ШОКОЛАД,19854.0
Пряник ТУЛЬСКИЙ с фруктовой начинкой 1/45 гр,229.0,227.7,1.3000030517578125,Прочее,BB,ПРЯНИКИ И КОВРИЖКИ,535.2
Кофе эспрессо,228.0,245.8,17.800003051757812,Прочее,Unknown,Unknown,
Печенье АЛЕНКА с начинкой со вкусом экзотика 120 гр,228.0,169.5,58.5,Прочее,AA,ПЕЧЕНЬЕ,1117.1999999999998
Вафли Аленка с молочной начинкой орехами и какао 20 гр,227.0,185.20001,41.79998779296875,Прочее,BB,ВАФЛИ,3746.0
Шоколад БАБАЕВСКИЙ Элитный 75% какао горький 90 гр,226.0,255.1,29.100006103515625,ТОП66,AA,ШОКОЛАД,18146.16
Шоколад Ореховый 60 гр темный БАБАЕВСКИЙ,225.0,174.1,50.899993896484375,Unknown,Unknown,Unknown,
Батончик АЛЕНКА злаковый с бананом и шоколадом 19 г,224.0,231.7,7.6999969482421875,Прочее,AA,ЗЛАКОВЫЕ ИЗДЕЛИЯ,4230.400000000001
КОНФ ВЕС Космическая одиссея,215.254,155.1,60.153993896484366,Прочее,BB,КОНФЕТЫ ВЕСОВЫЕ,5294.0
Шоколад Аленка молочный с фундуком 90 гр,213.0,213.0,0.0,ТОП66,BB,ШОКОЛАД,19854.0
КОНФ КОР Москва 200 г,212.0,192.9,19.100006103515625,Прочее,AA,КОНФЕТЫ В КОРОБКАХ,3550.48
КОНФ ВЕС Набор конфет Птичье молоко ГОСТ 4570 кг,211.744,138.70001,73.04398779296875,ЛА,BC,КОНФЕТЫ ВЕСОВЫЕ,2023.24
Шоколад Аленка много молока 90 гр КРАСНЫЙ ОКТЯБРЬ,211.0,339.0,128.0,ТОП66,AA,ШОКОЛАД,17867.7
Шоколад молочный Аленка с разноцветными драже 90 гр КРАСНЫЙ ОКТЯБРЬ,209.0,204.5,4.5,ТОП66,BB,ШОКОЛАД,19854.0
КОНФ ВЕС Сибирский Сувенир,204.734,174.4,30.334006103515634,ЛА,CB,ШОКОЛАД,14402.0
"Конфеты NEO-BOTANIKA ""Фруктовые шарики"" с виноградом и семенами чиа 55 г",201.0,192.4,8.600006103515625,Прочее,CC,КОНФЕТЫ ВЕСОВЫЕ,1799.6000000000001
"Конфеты NEO-BOTANICA ""Фруктовые шарики"" с грейпфрутом 55 г",201.0,176.0,25.0,Прочее,CC,КОНФЕТЫ ВЕСОВЫЕ,1799.6000000000001
Шоколад ВДОХНОВЕНИЕ Грушевый тарт со вкусом маскарпоне 90 гр,197.0,180.90001,16.099990844726562,Прочее,CC,ШОКОЛАД,17961.52
КОНФ КОР Любимая помадка со вкусом клубники со сливками РОТ ФРОНТ 250 гр,197.0,184.8,12.199996948242188,Unknown,Unknown,Unknown,
Пакет Ярославль,196.0,202.90001,6.9000091552734375,Прочее,Unknown,Unknown,
Пакет Аленка фирменный малый 20*24,194.0,206.3,12.300003051757812,Прочее,Unknown,Unknown,
КОНФ ВЕС Тамбовский волк Люкс,193.94400000000002,169.4,24.544006103515642,ЛА,BB,КОНФЕТЫ ВЕСОВЫЕ,5136.84
Шоколад БАБАЕВСКИЙ темный с малиной и миндалем 70 г,190.0,175.9,14.100006103515625,Прочее,CC,ШОКОЛАД,16424.8
Шоколад БАБАЕВСКИЙ горький 90 гр,189.0,400.3,211.29998779296875,ТОП66,AA,ШОКОЛАД,18146.16
"Пряник ТУЛЬСКИЙ ""Лакомка"" с фруктовой начинкой 140 г",188.0,196.1,8.100006103515625,ЛА,AA,ПРЯНИКИ И КОВРИЖКИ,2155.42
КОНФ ВЕС Мишка косолапый КРАСНЫЙ ОКТЯБРЬ 4 кг,186.612,161.7,24.912003051757807,ТОП66,AA,КОНФЕТЫ ВЕСОВЫЕ,5602.44
Мармелад в стеклянной банке 250 мл,185.0,212.8,27.800003051757812,Unknown,Unknown,Unknown,
КОНФ ВЕС Бабаевская Белочка,183.579,173.9,9.679006103515633,ТОП66,AA,КОНФЕТЫ ВЕСОВЫЕ,6486.0
КОНФ ВЕС Аленка вафельные КРАСНЫЙ ОКТЯБРЬ 1 кг,181.055,156.1,24.954993896484382,ТОП66,AA,КОНФЕТЫ ВЕСОВЫЕ,5155.28
Печенье СОРМОВСКОЕ Сливочное 50 гр,181.0,195.4,14.399993896484375,ЛА,AA,ПЕЧЕНЬЕ,789.0
"Вафли NEO-BOTANICA No sugar added ""Вафельные хлебцы злаковые с творожным сыром"" 75 г",180.0,200.1,20.100006103515625,Прочее,AA,"ГАЛЕТЫ И КРЕКЕРЫ, ХЛЕБЦЫ",1069.2
Набор 1200 Аленка,180.0,94.5,85.5,Прочее,Unknown,Unknown,
"Мороженое КОРОВКА ИЗ КОРЕНОВКИ ""Пломбир"" ванильное 100 г 15%",180.0,148.2,31.800003051757812,Прочее,Unknown,Unknown,
Шоколад Аленка с миндалем 90 гр,179.0,198.4,19.399993896484375,ТОП66,BB,ШОКОЛАД,19854.0
КОНФ КОР Вишневое искушение РОТ ФРОНТ 195 гр,179.0,172.9,6.100006103515625,Прочее,AA,КОНФЕТЫ В КОРОБКАХ,2774.3999999999996
"Конфеты NEO-BOTANICA ""Фруктовые шарики"" с манго 55 г",179.0,250.7,71.69999694824219,Прочее,CC,КОНФЕТЫ ВЕСОВЫЕ,1799.6000000000001
КОНФ КОР Трюфели Сормовские 175 г,179.0,120.4,58.599998474121094,ЛА,CC,КОНФЕТЫ В КОРОБКАХ,3948.0
"УПАКОВКА 
туба большая",178.0,147.6,30.399993896484375,Прочее,Unknown,Unknown,
КОНФ КОР Птичье молоко со вкусом сливок 200 гр ПЕНЗЕНСКАЯ КФ,178.0,160.1,17.899993896484375,ЛА,CC,КОНФЕТЫ В КОРОБКАХ,2726.3
КОНФ ВЕС Бабаевские,177.356,181.0,3.6440000000000055,ТОП66,AA,КОНФЕТЫ ВЕСОВЫЕ,6669.8
Шоколад Аленка в стиках 90 гр КРАСНЫЙ ОКТЯБРЬ,177.0,123.7,53.30000305175781,ТОП66,CB,ШОКОЛАД,13885.599999999999
Термопакет,176.0,158.6,17.399993896484375,Прочее,Unknown,Unknown,
Шоколад Аленка с фундуком 200 гр,173.0,145.4,27.600006103515625,Unknown,Unknown,Unknown,
Набор 480 Аленка,172.0,135.09999,36.90000915527344,Прочее,Unknown,Unknown,
КОНФ КОР Птичье молоко с лимонным вкусом 200 гр ПЕНЗЕНСКАЯ КФ,171.0,160.1,10.899993896484375,ЛА,BC,КОНФЕТЫ В КОРОБКАХ,2726.3
Набор 400 Аленка,170.0,136.4,33.600006103515625,Прочее,Unknown,Unknown,
Пряник ТУЛЬСКИЙ со смородиновой начинкой 1/45 гр,170.0,226.3,56.30000305175781,Прочее,CC,ПРЯНИКИ И КОВРИЖКИ,535.2
Пряник ТУЛЬСКИЙ с апельсиновой начинкой корицей и цукатами 130 гр,168.0,156.3,11.699996948242188,ТОП66,BB,ПРЯНИКИ И КОВРИЖКИ,1322.42
"Вафли NEO-BOTANICA No sugar added ""Вафельные хлебцы злаковые с творожным сыром, томатами и базиликом"" 75 г",167.0,192.9,25.899993896484375,Прочее,AA,"ГАЛЕТЫ И КРЕКЕРЫ, ХЛЕБЦЫ",1069.2
ШОКОЛАД Апельсин 200г,166.0,166.0,0.0,Прочее,CC,ШОКОЛАД,45359.82
Подарочный набор 200 Аленка,166.0,105.5,60.5,Прочее,Unknown,Unknown,
Батончик злаковый Neo NATURA с фундуком и изюмом 29 г,163.0,187.7,24.699996948242188,Прочее,BB,ЗЛАКОВЫЕ ИЗДЕЛИЯ,4378.88
Шоколад ВДОХНОВЕНИЕ со вкусом сливочного ликера 100 г,162.0,129.5,32.5,ТОП66,CC,ШОКОЛАД,19919.24
КОНФ КОР Птичье молоко с черной смородиной 200 гр ПЕНЗЕНСКАЯ КФ,161.0,199.0,38.0,ЛА,BC,КОНФЕТЫ В КОРОБКАХ,2726.3
КОНФ КОР Птичье молоко шоколадное наслаждение 200 гр ПЕНЗЕНСКАЯ КФ,160.0,192.6,32.600006103515625,ЛА,BB,КОНФЕТЫ В КОРОБКАХ,2726.3
КОНФ КОР Птичье молоко фруктово-ягодный микс 200 гр РОТ ФРОНТ,160.0,204.1,44.100006103515625,ТОП66,BB,КОНФЕТЫ В КОРОБКАХ,4751.68
КОНФ ВЕС Осенний вальс,159.434,112.1,47.334001525878904,ТОП66,AA,КОНФЕТЫ ВЕСОВЫЕ,7308.48
Шоколад БАБАЕВСКИЙ тёмный с грушей и миндалём 70 г,157.0,155.7,1.3000030517578125,Прочее,CC,ШОКОЛАД,16424.8
Шоколад БАБАЕВСКИЙ с начинкой Вишневый брауни с цельным фундуком 165 гр,155.0,170.4,15.399993896484375,ТОП66,AA,ШОКОЛАД,3436.29
Шоколад Алёнка пористый 90 гр КРАСНЫЙ ОКТЯБРЬ,154.0,192.4,38.399993896484375,Прочее,BA,ШОКОЛАД,10524.64
КОНФ КОР Ассорти Третьяковская галерея 240 гр КРАСНЫЙ ОКТЯБРЬ,154.0,148.3,5.6999969482421875,ТОП66,AA,КОНФЕТЫ В КОРОБКАХ,4787.0
КОНФ КОР ЛУННАЯ НОЧЬ 195 гр,152.0,152.3,0.3000030517578125,Прочее,AB,КОНФЕТЫ В КОРОБКАХ,2533.92
КОНФ ВЕС Мама приехала,151.591,137.6,13.990993896484383,Прочее,AB,КОНФЕТЫ ВЕСОВЫЕ,3469.25
КОНФ КОР Птичье молоко со сливочным вкусом и вкусом шоколада 290 г,151.0,139.6,11.399993896484375,ЛА,AB,КОНФЕТЫ В КОРОБКАХ,4511.7
Шоколад молочный Аленка хрустящий криспи с воздушным рисом 20 гр,151.0,188.3,37.30000305175781,ТОП66,CC,ШОКОЛАД,2711.52
Конд изделие Аленка с начинкой манго-маракуйя Понч 150 г,150.0,128.7,21.300003051757812,Прочее,AA,ПРОЧИЕ МУЧНИСТЫЕ,1671.8999999999999
"Конфеты NEO-BOTANIKA ""Фруктовые шарики"" Collagen fresh с виноградом и семенами чиа 80 гр",150.0,183.1,33.100006103515625,Прочее,CC,КОНФЕТЫ ВЕСОВЫЕ,2667.84
"Пряник ТУЛЬСКИЙ яблоко, корица 130 гр",150.0,163.6,13.600006103515625,ТОП66,BB,ПРЯНИКИ И КОВРИЖКИ,1322.42
"Вафли NEO-BOTANICA No sugar added ""Вафельные хлебцы злаковые с творожным сыром и прованскими травами"" 75 г",147.0,200.1,53.100006103515625,Прочее,AA,"ГАЛЕТЫ И КРЕКЕРЫ, ХЛЕБЦЫ",1069.2
КОНФ ВЕС Визит,146.119,136.0,10.119,Прочее,BB,КОНФЕТЫ ВЕСОВЫЕ,6121.56
"Вафли КРАСНЫЙ ОКТЯБРЬ ""Аленка"" 40 г",146.0,133.2,12.800003051757812,ЛА,BC,ВАФЛИ,3185.9999999999995
КОНФ ВЕС Калинка с малиной и орехами,145.893,127.0,18.893,Прочее,BB,КОНФЕТЫ ВЕСОВЫЕ,7551.780000000001
"Шоколад КРАСНЫЙ ОКТЯБРЬ ""Украли сахар"" темный пористый 75 гр",145.0,164.6,19.600006103515625,Прочее,CC,ШОКОЛАД,10116.4
Шоколад Аленка с начинкой черничный йогурт 165 гр,145.0,154.2,9.199996948242188,ТОП66,BB,ШОКОЛАД,3207.78
Шоколад Бабаевский с мандарином и грецким орехом 90 гр,145.0,148.40001,3.4000091552734375,Unknown,Unknown,Unknown,
Вафли NEO-BOTANICA Natura с йогуртом и клубникой 25 гр,144.0,146.7,2.6999969482421875,Прочее,CB,ВАФЛИ,2416.32
Вафли NEO-BOTANICA Natura с творогом 25 гр,142.0,108.5,33.5,Прочее,CC,ВАФЛИ,2416.32
КОНФ ВЕС Батончики неглазированные РОТ ФРОНТ,140.97,133.9,7.070006103515624,ТОП66,AA,КОНФЕТЫ ВЕСОВЫЕ,3664.4
"Мороженое КОРОВКА ИЗ КОРЕНОВКИ ""Пломбир"" крем-брюле 100 г 15%",140.0,139.4,0.600006103515625,Прочее,Unknown,Unknown,
Шоколад Алёнка с молочно-злаковой начинкой 45 гр КРАСНЫЙ ОКТЯБРЬ,140.0,206.6,66.60000610351562,Прочее,BB,ШОКОЛАД,8478.0
"Мороженое КОРОВКА ИЗ КОРЕНОВКИ ""Пломбир"" шоколадное 100 г 15%",138.0,142.9,4.899993896484375,Прочее,Unknown,Unknown,
КОНФ ВЕС Вечерний звон,136.095,78.0,58.095,Прочее,BB,КОНФЕТЫ ВЕСОВЫЕ,7170.18
Шоколад Аленка с арахисом 70 гр,136.0,120.3,15.699996948242188,Прочее,BC,ШОКОЛАД,15880.8
"Шоколад ВДОХНОВЕНИЕ ""Элитный"" горький с миндалем 100 г",136.0,163.8,27.800003051757812,ТОП66,BB,ШОКОЛАД,19919.24
Шоколад Аленка молочный с соленым крекером 85 г,136.0,121.9,14.099998474121094,Unknown,Unknown,Unknown,
Шоколад ВДОХНОВЕНИЕ малиновый тарт с фисташкой 100 гр,136.0,197.5,61.5,Unknown,Unknown,Unknown,
Шоколад БАБАЕВСКИЙ темный с нугой и цукатами 90 г,136.0,145.7,9.699996948242188,Unknown,Unknown,Unknown,
Конд изделие Аленка с начинкой вареная сгущенка Понч 150 г,136.0,140.0,4.0,Прочее,AA,ПРОЧИЕ МУЧНИСТЫЕ,1671.8999999999999
Халва подсолнечная Лакомка с арахисом 250 гр,133.0,96.3,36.69999694824219,Прочее,CC,ХАЛВА,1308.48
"Конфеты NEO-BOTANIKA Collagen fresh ""Фруктовые шарики"" манго 80 гр",133.0,151.3,18.300003051757812,Прочее,CC,КОНФЕТЫ ВЕСОВЫЕ,2667.84
Мармелад Съедобная елочная игрушка 20 гр,130.0,131.5,1.5,Прочее,Unknown,Unknown,
Пастила VELOCE с малиной 220 гр,130.0,104.7,25.300003051757812,ЛА,CC,ЗЕФИР И ПАСТИЛА,1297.56
"Конфеты NEO-BOTANIKA ""Фруктовые шарики"" Collagen fresh с грейпфрутом 80 гр",129.0,162.8,33.80000305175781,Прочее,CC,КОНФЕТЫ ВЕСОВЫЕ,2667.84
КОНФ ВЕС Красный мак,128.70100000000002,108.8,19.90099694824221,ТОП66,AA,КОНФЕТЫ ВЕСОВЫЕ,4570.2
Набор 300 Аленка,128.0,87.4,40.599998474121094,Прочее,Unknown,Unknown,
КОНФ ВЕС Птичье молоко микс кг,127.27199999999999,140.6,13.328006103515634,ЛА,BC,КОНФЕТЫ ВЕСОВЫЕ,2120.19
Шоколад ВДОХНОВЕНИЕ темный с начинкой клубника 37 гр,127.0,140.9,13.899993896484375,Прочее,CC,ШОКОЛАД,10441.2
КОНФ ВЕС Кара-Кум КРАСНЫЙ ОКТЯБРЬ,124.901,125.6,0.6989984741210975,ТОП66,AA,КОНФЕТЫ ВЕСОВЫЕ,5817.45
Пастила VELOCE со вкусом творожно-черничного крема 220 г,124.0,125.9,1.9000015258789062,ЛА,AB,ЗЕФИР И ПАСТИЛА,1297.56
Шиповник натуральный растворимый жидкий А.П.Селиванов Княжеский 200 гр,124.0,127.4,3.4000015258789062,Прочее,Unknown,Unknown,
Шоколад БАБАЕВСКИЙ темный  с целым миндалем 90 г,124.0,135.3,11.300003051757812,ТОП66,AA,ШОКОЛАД,16894.08
КОНФ ВЕС Петушок золотой гребешок КРАСНЫЙ ОКТЯБРЬ 1 кг,123.299,118.2,5.099003051757819,ТОП66,AA,КОНФЕТЫ ВЕСОВЫЕ,5248.6
Шоколад БАБАЕВСКИЙ с начинкой вкус апельсин 50 гр,120.0,37.4,82.5999984741211,Прочее,CC,ШОКОЛАД,10628.4
Конд изделие Аленка с вишневой начинкой Понч 150 г,120.0,117.600006,2.399993896484375,Прочее,AA,ПРОЧИЕ МУЧНИСТЫЕ,1671.8999999999999
Печенье Аленка сдобное с персиковой начинкой 115 гр,120.0,83.4,36.599998474121094,Прочее,BB,ПЕЧЕНЬЕ,838.6800000000001
Карамель Раковые шейки КРАСНЫЙ ОКТЯБРЬ 7 кг,119.283,106.8,12.482996948242189,Прочее,AA,КАРАМЕЛЬ,3622.9900000000002
Печенье СОРМОВСКОЕ Сгущенное молоко 50 гр,119.0,117.3,1.6999969482421875,ЛА,AA,ПЕЧЕНЬЕ,789.0
Пряник ТУЛЬСКИЙ с фруктовой начинкой 130 гр,118.0,128.4,10.399993896484375,ТОП66,AA,ПРЯНИКИ И КОВРИЖКИ,1322.42
Печенье СОРМОВСКОЕ Земляничка 100 гр,118.0,148.2,30.199996948242188,ЛА,AC,ПЕЧЕНЬЕ,1041.18
Шоколад Алёнка в стиках с молочной начинкой 100 гр КРАСНЫЙ ОКТЯБРЬ,115.0,161.9,46.899993896484375,ТОП66,AA,ШОКОЛАД,15429.2
Печенье Южная ночь 200 гр СОРМОВСКОЕ,115.0,108.2,6.8000030517578125,ЛА,AA,ПЕЧЕНЬЕ,1131.1200000000001
Шоколад БАБАЕВСКИЙ Фирменный темный 90 гр,114.0,129.3,15.300003051757812,ТОП66,BB,ШОКОЛАД,18146.16
КОНФ ВЕС Аленка крем-брюле купол глазированные КРАСНЫЙ ОКТЯБРЬ 7 кг,112.649,117.9,5.251001525878905,Прочее,AA,КОНФЕТЫ ВЕСОВЫЕ,5144.09
КОНФ КОР Нижегородская Ярмарка сувенир 210 гр СОРМОВСКАЯ КФ,112.0,107.4,4.599998474121094,ЛА,CB,КОНФЕТЫ В КОРОБКАХ,4454.88
КОНФ ВЕС Ромашки глазированные КРАСНЫЙ ОКТЯБРЬ 1 кг,111.131,90.5,20.631,ТОП66,AA,КОНФЕТЫ ВЕСОВЫЕ,3984.2999999999997
Конфеты NEO BOTANICA Vitamin с имбирем 200 гр,110.0,117.6,7.599998474121094,Прочее,AB,КОНФЕТЫ ВЕСОВЫЕ,1223.7
Конфеты NEO BOTANICA Vitamin с зеленым чаем 200 гр,110.0,78.7,31.300003051757812,Прочее,AB,КОНФЕТЫ ВЕСОВЫЕ,1223.7
КОНФ ВЕС Вдохновение,108.967,97.6,11.367001525878905,Прочее,BB,КОНФЕТЫ ВЕСОВЫЕ,6804.75
КОНФ ВЕС Коровка,108.099,107.4,0.6989984741210975,ТОП66,AA,КОНФЕТЫ ВЕСОВЫЕ,2699.8500000000004
Печенье Лакомка Американо с какао и шоколадными дропсами 160 гр,108.0,109.9,1.9000015258789062,Прочее,AB,ПЕЧЕНЬЕ,943.56
Шоколад БАБАЕВСКИЙ со вкусом трюфель с апельсином 170 гр,108.0,78.799995,29.20000457763672,Unknown,Unknown,Unknown,
КОНФ КОР СЛИВОЧНАЯ ПОМАДКА С КОКОСОМ 220 гр,108.0,126.2,18.199996948242188,Unknown,Unknown,Unknown,
Цикорий растворимый жидкий СЕЛИВАНОВ Императорский 200 гр,108.0,96.5,11.5,Unknown,Unknown,Unknown,
ИРИС Кис-Кис КРАСНЫЙ ОКТЯБРЬ кг,107.549,112.2,4.650996948242181,ТОП66,AA,ИРИС,3370.99
Шоколад БАБАЕВСКИЙ темный с грецким орехом и кленовым сиропом 90 г,107.0,86.1,20.900001525878906,ТОП66,CC,ШОКОЛАД,17947.24
Пакет подарочный С НОВЫМ ГОДОМ ул,106.0,83.0,23.0,Прочее,Unknown,Unknown,
Пряник ТУЛЬСКИЙ с начинкой яблоко и облепиха 130 г,106.0,100.200005,5.799995422363281,ТОП66,BB,ПРЯНИКИ И КОВРИЖКИ,1322.42
Шоколад БАБАЕВСКИЙ темный с кешью и фундуком 70 г,106.0,146.1,40.100006103515625,Прочее,BB,ШОКОЛАД,16424.8
КОНФ ВЕС Птичье молоко по ГОСТ,105.19,88.4,16.78999847412109,ЛА,CC,КОНФЕТЫ ВЕСОВЫЕ,1897.46
Халва Дружба с арахисом 500 гр РОТ ФРОНТ,105.0,101.6,3.4000015258789062,ТОП66,CC,ХАЛВА,1490.97
Пряник ТУЛЬСКИЙ Лакомка со вкусом сочной вишни 140 г,105.0,89.0,16.0,Unknown,Unknown,Unknown,
КОНФ ВЕС Батончики РОТ ФРОНТ пралиновые с орехами (кешью и арахис),104.41,66.0,38.41,ТОП66,BB,КОНФЕТЫ ВЕСОВЫЕ,4397.28
Конд изделие Аленка с шоколадно-ореховой начинкой Понч 150 г,104.0,96.5,7.5,Прочее,AB,ПРОЧИЕ МУЧНИСТЫЕ,1671.8999999999999
Печенье Лакомка сдобное со сливочным вкусом 160 гр,104.0,86.9,17.099998474121094,Прочее,AC,ПЕЧЕНЬЕ,943.56
"Вафли ""Артек плюс"" 225 г",104.0,96.0,8.0,ЛА,AA,ВАФЛИ,1331.2
"имбирь томленый, пр-во Россия",104.0,94.9,9.099998474121094,Unknown,Unknown,Unknown,
КОНФ ВЕС Замоскворечье,103.524,67.4,36.123998474121095,Прочее,BB,КОНФЕТЫ ВЕСОВЫЕ,4561.44
КОНФ ВЕС Золотые купола,103.166,66.8,36.365996948242184,Прочее,BB,КОНФЕТЫ ВЕСОВЫЕ,8403.99
Печенье СОРМОВСКОЕ Земляничка 200 гр,103.0,87.7,15.300003051757812,ЛА,AA,ПЕЧЕНЬЕ,1088.8799999999999
"УПАКОВКА
коробка конфета малая",102.0,109.0,7.0,Прочее,Unknown,Unknown,
Зефир в шоколадной глазури Экстра 300 гр,102.0,38.6,63.400001525878906,ЛА,AA,ЗЕФИР И ПАСТИЛА,1165.98
Подарочный сертификат 500 АЛЕНКА,102.0,86.4,15.599998474121094,Прочее,Unknown,Unknown,
КОНФ ВЕС Птичье молоко вкус шоколад,101.497,57.7,43.79699923706055,Прочее,BB,КОНФЕТЫ ВЕСОВЫЕ,3087.96
"Пряник ТУЛЬСКИЙ ""Лакомка"" с начинкой вареная сгущенка 140 г",101.0,114.3,13.300003051757812,ЛА,AB,ПРЯНИКИ И КОВРИЖКИ,2155.42
Шоколад БАБАЕВСКИЙ темный апельсиновый брауни с цельным фундуком 165 г,101.0,96.8,4.1999969482421875,Unknown,Unknown,Unknown,
Конфеты NEO-BOTANICA Vitamin с брусникой и морошкой 200 гр,100.0,92.0,8.0,Прочее,BB,КОНФЕТЫ ВЕСОВЫЕ,1223.7
Пряник Тульский с фруктовой начинкой 350 гр,100.0,86.0,14.0,ЛА,CC,ПРЯНИКИ И КОВРИЖКИ,2697.7999999999997
КОНФ ВЕС Птичье молоко сливочно-ванильные РОТ ФРОНТ,99.002,85.3,13.701996948242183,ТОП66,AA,КОНФЕТЫ ВЕСОВЫЕ,3304.04
Шоколад Аленка с начинкой целый фундук и карамель 165 гр КРАСНЫЙ ОКТЯБРЬ,99.0,73.9,25.099998474121094,Unknown,Unknown,Unknown,
Пряник ТУЛЬСКИЙ смородина 140 гр,98.0,114.7,16.699996948242188,ТОП66,AA,ПРЯНИКИ И КОВРИЖКИ,1424.0600000000002
Печенье СОРМОВСКОЕ Кофе со сливками сахарное 200 гр,98.0,87.9,10.099998474121094,ЛА,BC,ПЕЧЕНЬЕ,1242.24
Шоколад Аленка молочный 75 гр,97.0,43.699997,53.30000305175781,ТОП66,AA,ШОКОЛАД,15882.24
"Пряник ТУЛЬСКИЙ яблоко, корица 350 гр",97.0,64.9,32.099998474121094,ЛА,CC,ПРЯНИКИ И КОВРИЖКИ,4253.28
КОНФ ВЕС Желейные со вкусом барбариса КРАСНЫЙ ОКТЯБРЬ 1 кг,96.571,90.7,5.8710030517578105,ТОП66,AA,КОНФЕТЫ ВЕСОВЫЕ,2498.5
Карамель Снежок РОТ ФРОНТ,96.135,72.4,23.7349984741211,Прочее,AB,КАРАМЕЛЬ,2310.36
"Какао-напиток растворимый БЕЛЫЙ МИШКА ""Горячий шоколад"" 300 г",96.0,107.4,11.400001525878906,Прочее,Unknown,Unknown,
Шоколад Аленка с миндалем 75 гр,96.0,39.5,56.5,ТОП66,BB,ШОКОЛАД,17647.68
Какао-порошок А.П. СЕЛИВАНОВ с повышенным содержанием жира 100 г,96.0,76.1,19.900001525878906,Unknown,Unknown,Unknown,
Пряник ТУЛЬСКИЙ с начинкой вареная сгущенка 130 гр,96.0,110.0,14.0,ТОП66,AA,ПРЯНИКИ И КОВРИЖКИ,1322.42
Карамель Гусиные лапки РОТ ФРОНТ  1 кг,94.561,71.6,22.961001525878913,Прочее,AA,КАРАМЕЛЬ,1940.25
КОНФ ВЕС Трюфели КРАСНЫЙ ОКТЯБРЬ 1 кг,94.173,84.5,9.673000000000002,ТОП66,AA,КОНФЕТЫ ВЕСОВЫЕ,4191.18
Мармелад Ассорти желейно-фруктовый 80 гр,94.0,95.4,1.4000015258789062,Прочее,Unknown,Unknown,
Пряник ТУЛЬСКИЙ с фруктово-ягодной начинкой клюквенный 140 гр,94.0,94.8,0.8000030517578125,Unknown,Unknown,Unknown,
КОНФ ВЕС Южная ночь улуч э,93.816,102.4,8.584001525878904,Прочее,BB,КОНФЕТЫ ВЕСОВЫЕ,5353.32
КОНФ ВЕС Птичье молоко вкус капучино,93.387,57.1,36.28700152587891,Прочее,BB,КОНФЕТЫ ВЕСОВЫЕ,3087.96
КОНФ ВЕС Батончики шоколадно слив вкус Рот Фронт,93.045,76.7,16.345003051757814,ТОП66,AA,КОНФЕТЫ ВЕСОВЫЕ,2931.52
Шоколад КРАСНЫЙ ОКТЯБРЬ Украли сахар темный пористый с хрустящими криспами малины 75 гр,93.0,102.3,9.300003051757812,Прочее,CC,ШОКОЛАД,10116.4
КОНФ ВЕС Шоколадный крем,92.35,79.100006,13.24999389648437,Прочее,BB,КОНФЕТЫ ВЕСОВЫЕ,4957.65
"КОНФ ВЕС Батончики Рот Фронт с протеином, воздушным рисом со вкусом чизкейк",92.12,90.3,1.819996948242192,ТОП66,BC,КОНФЕТЫ ВЕСОВЫЕ,2198.64
КОНФ ВЕС Грильяж в шоколадной глазури,90.35,66.1,24.2500015258789,ТОП66,AA,КОНФЕТЫ ВЕСОВЫЕ,8231.28
КОНФ ВЕС БАТОНЧИКИ со сниженным сахаром УКРАЛИ САХАР,90.148,83.6,6.548001525878902,Прочее,CC,КОНФЕТЫ ВЕСОВЫЕ,5043.4800000000005
КОНФ ВЕС Васильки Красный Октябрь,90.09,69.4,20.689998474121097,ТОП66,AB,КОНФЕТЫ ВЕСОВЫЕ,3580.2000000000003
Шоколад КРАСНЫЙ ОКТЯБРЬ Украли сахар темный пористый с хрустящими криспами лайма 75 гр,90.0,96.4,6.400001525878906,Прочее,CC,ШОКОЛАД,10116.4
Смесь для коктейля гранулированная БЕЛЫЙ МИШКА клубника 300 гр,90.0,90.9,0.9000015258789062,Unknown,Unknown,Unknown,
Шоколад Аленка с начинкой с веселинками 87 гр КРАСНЫЙ ОКТЯБРЬ,90.0,77.8,12.199996948242188,ТОП66,BB,ШОКОЛАД,1985.1
Мармелад NEO BOTANICA Immuno жевательный земляника-банан 75 г,90.0,82.2,7.8000030517578125,Unknown,Unknown,Unknown,
Шоколад ВДОХНОВЕНИЕ Mini Dessert вкус Ореховый мусс 100 г,90.0,106.0,16.0,ТОП66,CC,ШОКОЛАД,19916.52
КОНФ КОР СЛИВОЧНАЯ ПОМАДКА СО ВКУСОМ ШОКОЛАДА 250 гр,90.0,85.2,4.8000030517578125,Unknown,Unknown,Unknown,
Мармелад NEO BOTANICA Immuno жевательный малина 75 г,90.0,116.4,26.400001525878906,Unknown,Unknown,Unknown,
КОНФ КОР Птичье молоко 300 гр,89.0,108.1,19.099998474121094,ЛА,AA,КОНФЕТЫ В КОРОБКАХ,3553.44
Мармелад Крутые сласти Мишки со вкусом колы 80 гр,89.0,99.2,10.199996948242188,Unknown,Unknown,Unknown,
Зефир СЛАДКИЕ ИСТОРИИ с черной смородиной в шоколадной глазури,88.832,77.7,11.132003051757806,Прочее,BA,ЗЕФИР И ПАСТИЛА,1387.02
Шоколад Аленка с карамельной и молочной начинками и печеньем 87 гр,88.0,80.2,7.8000030517578125,ТОП66,BB,ШОКОЛАД,1985.1
Халва Абрикосовские сладости воздушная с арахисом 300 гр,88.0,60.5,27.5,Прочее,CC,ХАЛВА,1100.84
Пряник ТУЛЬСКИЙ с имбирем и марципановой начинкой 140 г,88.0,76.1,11.900001525878906,Unknown,Unknown,Unknown,
Подарочный набор 320 Аленка,88.0,101.6,13.599998474121094,Прочее,Unknown,Unknown,
Набор кондитерских изделий КРАСНЫЙ ОКТЯБРЬ ВКУСНЫЕ МОМЕНТЫ СЧАСТЬЯ 300 гр,87.0,63.5,23.5,Unknown,Unknown,Unknown,
КОНФ ВЕС Трюфель Бабаевский горький,86.605,76.7,9.905003051757816,Прочее,BC,КОНФЕТЫ ВЕСОВЫЕ,5516.76
КОНФ ВЕС Огни Москвы,86.21600000000001,62.5,23.716000000000008,Прочее,BB,КОНФЕТЫ ВЕСОВЫЕ,5674.099999999999
Шоколад БАБАЕВСКИЙ темный с фундуком 90 г,86.0,147.1,61.100006103515625,ТОП66,AA,ШОКОЛАД,17949.960000000003
Шоколад Аленка с начинкой клубника со сливками 87 гр КРАСНЫЙ ОКТЯБРЬ,86.0,81.3,4.6999969482421875,ТОП66,AA,ШОКОЛАД,1985.1
"Печенье СОРМОВСКОЕ 
Сгущенное молоко 200 гр",86.0,89.4,3.4000015258789062,ЛА,AA,ПЕЧЕНЬЕ,1088.8799999999999
Шоколад Аленка с начинкой крем-банан 87 гр КРАСНЫЙ ОКТЯБРЬ,85.0,74.0,11.0,ТОП66,BB,ШОКОЛАД,1985.1
Шоколад темный  Шоколадные фигуры МИШКА 80 гр,85.0,78.0,7.0,Прочее,CC,ШОКОЛАД,11227.86
Шоколад БАБАЕВСКИЙ темный с фундуком и изюмом 90 г,85.0,93.1,8.099998474121094,Unknown,Unknown,Unknown,
КОНФ КОР Птичье молоко 300 гр РОТ ФРОНТ,85.0,120.1,35.099998474121094,ЛА,BB,КОНФЕТЫ В КОРОБКАХ,5325.08
КОНФ ВЕС Батончики Фруктовое искушение,84.529,63.0,21.528999999999996,ЛА,CC,КОНФЕТЫ ВЕСОВЫЕ,2424.945
Печенье СОРМОВСКОЕ Сливочное 200 гр,84.0,102.4,18.400001525878906,ЛА,AA,ПЕЧЕНЬЕ,1088.8799999999999
"Зефир NEO BOTANICA  No sugar added с малиной, каркаде и витаминами 135 г",84.0,79.8,4.1999969482421875,Прочее,AA,ЗЕФИР И ПАСТИЛА,1640.9
Набор 1300 Аленка,84.0,74.9,9.099998474121094,Прочее,Unknown,Unknown,
КОНФ ВЕС Ласточка улуч э,83.666,83.1,0.5660015258789031,ТОП66,AA,КОНФЕТЫ ВЕСОВЫЕ,3012.6
ИРИС Крепыш,83.44800000000001,86.9,3.4520015258788987,Прочее,AA,ИРИС,1759.17
Печенье Аленка сдобное хрустящее с клюквой и шоколадными дропсами 140 г,83.0,92.1,9.099998474121094,Прочее,AA,ПЕЧЕНЬЕ,1509.72
Мармеладная фигурка 35 гр,82.0,110.2,28.199996948242188,Прочее,Unknown,Unknown,
Набор 450 Аленка,82.0,55.2,26.799999237060547,Прочее,Unknown,Unknown,
Шоколад КРАСНЫЙ ОКТЯБРЬ Украли сахар молочный пористый с тёртым миндалём без сахара 90 гр,82.0,104.3,22.300003051757812,Прочее,BB,ШОКОЛАД,14162.96
КОНФ ВЕС Цитрон улуч э,81.947,77.3,4.64699694824219,ТОП66,AA,КОНФЕТЫ ВЕСОВЫЕ,3359.1000000000004
Пряник Тульский Лакомка чернослив 130 гр,81.0,57.4,23.599998474121094,ЛА,CC,ПРЯНИКИ И КОВРИЖКИ,1559.24
"Торт вафельный БАБАЕВСКИЙ ""Бабаевская белочка"" с карамелью и орехами 250 г",80.0,70.2,9.800003051757812,Unknown,Unknown,Unknown,
Пирожные бисквитные Аленка со вкусом пломбира 175 гр,80.0,77.6,2.4000015258789062,ТОП66,AA,БИСКВИТЫ,1636.44
Шоколад Тамбовский волк 75г,80.0,66.2,13.800003051757812,ЛА,CC,ШОКОЛАД,6921.599999999999
КОНФ ВЕС Красная шапочка,79.678,83.3,3.6220030517578152,ТОП66,AA,КОНФЕТЫ ВЕСОВЫЕ,5011.76
КОНФ ВЕС Мишка Косолапый Медовый грильяж,79.312,65.7,13.61200305175781,Прочее,BB,КОНФЕТЫ ВЕСОВЫЕ,3714.45
КАРАМЕЛЬ Столичная любимая,79.001,61.300003,17.700996948242192,Прочее,AB,КАРАМЕЛЬ,2114.1000000000004
КОНФ ВЕС Золотое суфле апельсиновое,78.09100000000001,76.8,1.2909969482421957,Прочее,BB,КОНФЕТЫ ВЕСОВЫЕ,9043.26
Пряник ТУЛЬСКИЙ смородина 130 гр,78.0,101.8,23.800003051757812,ТОП66,AA,ПРЯНИКИ И КОВРИЖКИ,1322.42
ИРИС Золотой ключик КРАСНЫЙ ОКТЯБРЬ кг,77.691,75.3,2.39099694824219,ТОП66,AA,ИРИС,2407.85
"Шоколад КРАСНЫЙ ОКТЯБРЬ ""Украли сахар"" молочный пористый 90 г",77.0,131.5,54.5,Прочее,BB,ШОКОЛАД,14162.96
Зефир Ванильный Экстра 370 гр,77.0,53.9,23.099998474121094,ЛА,AA,ЗЕФИР И ПАСТИЛА,1034.8100000000002
Шоколад БАБАЕВСКИЙ Оригинальный 90 гр,77.0,172.1,95.10000610351562,ТОП66,BB,ШОКОЛАД,18146.16
КОНФ ВЕС Сибирский сувенир Кедровый грильяж,76.21799999999999,83.2,6.981996948242198,ЛА,CB,КОНФЕТЫ ВЕСОВЫЕ,16395.75
КОНФ ВЕС Трюфель Бабаевский классический,75.248,65.2,10.048003051757817,Прочее,BC,КОНФЕТЫ ВЕСОВЫЕ,5698.96
КОНФ ВЕС Аленка Маршмеллоу со вкусом вареной сгущенки,75.219,60.2,15.018999237060541,Прочее,BC,КОНФЕТЫ ВЕСОВЫЕ,2407.11
Пастила VELOCE со вкусом ванили 220 г,75.0,126.9,51.900001525878906,ЛА,BC,ЗЕФИР И ПАСТИЛА,1297.56
КОНФ ВЕС Золотое суфле черносмородиновое,74.463,77.2,2.7369969482421936,Прочее,BB,КОНФЕТЫ ВЕСОВЫЕ,9043.26
КОНФ ВЕС Грильяжные Мягкий грильяж,74.351,62.7,11.650999237060546,Прочее,BB,КОНФЕТЫ ВЕСОВЫЕ,3503.15
КАРАМЕЛЬ Москвичка,73.91499999999999,66.7,7.2150030517578045,ТОП66,AA,КАРАМЕЛЬ,2370.4
КОНФ ВЕС Картошка РОТ ФРОНТ 1 кг,73.225,63.4,9.824998474121088,Прочее,BC,КОНФЕТЫ ВЕСОВЫЕ,2031.16
КОНФ КОР Ассорти Букеты  БАБАЕВСКИЙ 300 гр,72.0,103.3,31.300003051757812,ТОП66,AA,КОНФЕТЫ В КОРОБКАХ,4338.8
Печенье Аленка сдобное с ореховой начинкой и какао 200 гр,72.0,64.2,7.8000030517578125,Прочее,AB,ПЕЧЕНЬЕ,1599.0
Шоколад БАБАЕВСКИЙ темный с имбирным печеньем 75 гр,72.0,107.3,35.30000305175781,Прочее,CC,ШОКОЛАД,15835.68
КОНФ КОР Сибирский сувенир 240 гр,72.0,55.0,17.0,ЛА,CB,КОНФЕТЫ В КОРОБКАХ,4121.5199999999995
КОНФ ВЕС Маска КРАСНЫЙ ОКТЯБРЬ 1 кг,71.597,65.1,6.4970015258789005,ТОП66,AA,КОНФЕТЫ ВЕСОВЫЕ,3992.9500000000003
Вафли Аленка глазированные с жировой начинкой вкус банан-шоколад 40 гр,71.0,78.0,7.0,ЛА,CC,ВАФЛИ,3396.0
Набор 790 Аленка,70.0,49.4,20.599998474121094,Прочее,Unknown,Unknown,
КОНФ ВЕС Бабаевские шоколадный вкус,69.312,69.9,0.5880015258789086,ТОП66,AB,КОНФЕТЫ ВЕСОВЫЕ,5164.46
Торт вафельный Мишка косолапый 220 гр КРАСНЫЙ ОКТЯБРЬ,69.0,59.9,9.099998474121094,ТОП66,AB,ТОРТЫ,1132.26
КОНФ ВЕС вафельные МОРЕХОД,68.682,65.6,3.0820015258789084,Прочее,AA,КОНФЕТЫ ВЕСОВЫЕ,1505.1
КОНФ ВЕС НОВОСИБИРСК Экстра,68.495,74.0,5.5049999999999955,ЛА,CC,КОНФЕТЫ ВЕСОВЫЕ,5573.5
КОНФ ВЕС Черноморочка КРАСНЫЙ ОКТЯБРЬ 7 кг,68.396,68.2,0.1960030517578133,Прочее,AB,КОНФЕТЫ ВЕСОВЫЕ,3918.6699999999996
Халва Абрикосовские сладости подсолнечная воздушная 300 гр БАБАЕВСКИЙ,68.0,51.899998,16.10000228881836,Прочее,CC,ХАЛВА,850.72
Шоколад ВДОХНОВЕНИЕ горький с трюфельным кремом и миндалем 100 г,68.0,60.5,7.5,Unknown,Unknown,Unknown,
Крекер Фермерский с солью 200 гр,68.0,79.2,11.199996948242188,ЛА,CC,"ГАЛЕТЫ И КРЕКЕРЫ, ХЛЕБЦЫ",987.0
КОНФ ВЕС Нива улуч э,67.804,73.2,5.3959969482421855,ТОП66,AA,КОНФЕТЫ ВЕСОВЫЕ,3846.35
КАРАМЕЛЬ Взлет улуч_э,67.485,62.0,5.484999999999999,Прочее,AB,КАРАМЕЛЬ,1729.08
Печенье NEO-BOTANICA Light овсяное с изюмом на фруктозе 280 гр,67.0,58.3,8.700000762939453,Прочее,BB,ПЕЧЕНЬЕ,2068.9500000000003
Зефир NEO BOTANICA смузи мелисса-апельсин 280 гр,67.0,47.7,19.299999237060547,Прочее,BB,ЗЕФИР И ПАСТИЛА,1359.84
Печенье АЛЕНКА с начинкой со вкусом соленой карамели 160 гр,67.0,68.8,1.8000030517578125,Прочее,BA,ПЕЧЕНЬЕ,1560.6000000000001
КОНФ ВЕС Котик РОТ ФРОНТ,66.423,52.9,13.522998474121096,Прочее,BC,КОНФЕТЫ ВЕСОВЫЕ,1125.57
КОНФ ВЕС Стратосфера улуч э,66.311,64.5,1.811000000000007,Прочее,BB,КОНФЕТЫ ВЕСОВЫЕ,4335.99
КОНФ ВЕС Птичье молоко сливочно-ванильные УКРУП,66.053,46.4,19.65299847412109,ТОП66,AA,КОНФЕТЫ ВЕСОВЫЕ,2478.0299999999997
Пряник ТУЛЬСКИЙ с фруктовой начинкой 140 г,66.0,97.6,31.599998474121094,ТОП66,AA,ПРЯНИКИ И КОВРИЖКИ,1424.0600000000002
Термопакет СУПЕР,66.0,75.6,9.599998474121094,Прочее,Unknown,Unknown,
Пирожные бисквитные Алёнка со сливочным кремом 200 гр,66.0,81.0,15.0,Unknown,Unknown,Unknown,
Новогодний подарок 1000,66.0,65.5,0.5,Прочее,Unknown,Unknown,
Пряник ТУЛЬСКИЙ с лимонной начинкой и ароматом мяты 140 г,66.0,130.4,64.39999389648438,Unknown,Unknown,Unknown,
Ирис кис-кис с молочным вкусом и арахисом,65.44200000000001,70.2,4.75799694824218,ТОП66,AA,ИРИС,1603.1999999999998
КОНФ КОР Маска с хрустящими вафлями 300 гр,65.0,43.800003,21.199996948242188,Прочее,BA,КОНФЕТЫ В КОРОБКАХ,3661.76
Пряник ТУЛЬСКИЙ с начинкой вареная сгущенка 140 г,64.0,92.7,28.699996948242188,Unknown,Unknown,Unknown,
"Мороженое КОРОВКА ИЗ КОРЕНОВКИ ""Эскимо"" крем-брюле в белой глазури с карамелью 70 г 15%",64.0,53.2,10.799999237060547,Прочее,Unknown,Unknown,
КОНФ ВЕС Желейные со вкусом апельсина КРАСНЫЙ ОКТЯБРЬ,63.921,61.8,2.1210007629394525,ТОП66,BB,КОНФЕТЫ ВЕСОВЫЕ,1499.1
КОНФ ВЕС НЕЖЕНКА вкус ЭКЗОТИКА,63.47,48.4,15.069998474121093,Прочее,BC,КОНФЕТЫ ВЕСОВЫЕ,2229.45
"Торт вафельный ""Артек плюс"" глазированный 250 г",63.0,58.8,4.200000762939453,ЛА,AB,ТОРТЫ,756.24
КОНФ ВЕС Волшебный метеорит,62.583,50.8,11.783000762939452,ЛА,CC,КОНФЕТЫ ВЕСОВЫЕ,6078.2699999999995
Халва Дружба с арахисом 220 гр РОТ ФРОНТ,62.0,82.8,20.800003051757812,ТОП66,BB,ХАЛВА,830.04
Чай SIGURD чёрный Assam Mokalbarri (Ассам Мокалбари) 15*2гр,62.0,78.8,16.800003051757812,Прочее,Unknown,Unknown,
Печенье NEO BOTANICA Light овсяное с черносливом на фруктозе 280 гр,62.0,44.9,17.099998474121094,Прочее,BB,ПЕЧЕНЬЕ,2068.9500000000003
КАРАМЕЛЬ Театральная,61.97,47.600002,14.36999771118164,Прочее,CC,КАРАМЕЛЬ,1851.3600000000001
КОНФ ВЕС Вечерний Воронеж со вкусом ореха,61.92100000000001,51.0,10.921000000000006,ЛА,CC,КОНФЕТЫ ВЕСОВЫЕ,3293.96
Шоколад Аленка с начинкой Тройной десерт 85 гр КРАСНЫЙ ОКТЯБРЬ,61.0,56.2,4.799999237060547,ТОП66,BB,ШОКОЛАД,1985.1
"Мармелад Чудо-ягода яркий вкус малины, брусники и черной смородины 250 гр",61.0,55.2,5.799999237060547,Прочее,AA,Мармелад,1195.08
КОНФ КОР Дары Сибири 570 г,61.0,71.6,10.599998474121094,ЛА,BB,КОНФЕТЫ В КОРОБКАХ,4474.25
Торт вафельный Алёнка 250 гр,61.0,69.6,8.599998474121094,Прочее,AA,ТОРТЫ,2609.55
КОНФ ВЕС ТАМБОВСКИЙ ВОЛК,60.96,52.8,8.160000762939454,ЛА,BC,КОНФЕТЫ ВЕСОВЫЕ,1774.92
КОНФ ВЕС Морские улуч э,60.833,66.8,5.967003051757814,Прочее,AA,КОНФЕТЫ ВЕСОВЫЕ,3392.1000000000004
КОНФ КОР Старинная открытка пенал 75г,60.0,85.8,25.800003051757812,Прочее,CC,КОНФЕТЫ В КОРОБКАХ,7895.849999999999
Халва Лада кунжутно-арахисовая 250 гр,60.0,68.0,8.0,Прочее,CC,ХАЛВА,1072.6200000000001
Конфеты Рот Фронт КУБОПУФФЫ со вкусом арбуз 90 гр,60.0,51.600002,8.39999771118164,Прочее,CC,КОНФЕТЫ ВЕСОВЫЕ,561.72
Пирожные бисквитные Аленка  вкус шоколадный крем 200 гр,60.0,63.0,3.0,Unknown,Unknown,Unknown,
Печенье Аленка сдобное с клубничной начинкой 115 гр,60.0,25.199999,34.80000114440918,Прочее,BC,ПЕЧЕНЬЕ,838.6800000000001
Халва подсолнечная Лакомка 250 гр РОТ ФРОНТ,60.0,49.5,10.5,Прочее,CC,ХАЛВА,1281.24
Смесь для коктейля гранулированная БЕЛЫЙ МИШКА банан-печенье 300 гр,60.0,68.5,8.5,Unknown,Unknown,Unknown,
Набор 760 Аленка,60.0,58.1,1.9000015258789062,Прочее,Unknown,Unknown,
Мармелад NEO-BOTANICA Light Гранат-апельсин-яблоко 150 гр,60.0,54.7,5.299999237060547,Прочее,BB,Мармелад,1006.9
Мармелад Крутые сласти Фруктовый микс 80 гр,60.0,60.7,0.7000007629394531,Unknown,Unknown,Unknown,
КОНФ КОР СИБИРСКИЙ СУВЕНИР 750 гр,60.0,84.7,24.699996948242188,ЛА,BC,КОНФЕТЫ В КОРОБКАХ,9665.94
Пирожные бисквитные Аленка вкус вареная сгущенка 200 гр КРАСНЫЙ ОКТЯБРЬ,59.0,67.5,8.5,ТОП66,AA,БИСКВИТЫ,2058.7200000000003
Конфеты Рот Фронт КУБОПУФФЫ со вкусом апельсин-манго 90 гр,59.0,47.6,11.400001525878906,Прочее,CC,КОНФЕТЫ ВЕСОВЫЕ,561.72
КОНФ ВЕС Желейные со вкусом клубники со сливками КРАСНЫЙ ОКТЯБРЬ,58.754,60.0,1.2460000000000022,ТОП66,BB,КОНФЕТЫ ВЕСОВЫЕ,1499.1
Шоколад Бабаевский с апельсиновыми кусочками и миндалем 75 гр,58.0,34.9,23.099998474121094,ТОП66,CC,ШОКОЛАД,16129.44
Новогодний подарок ЗИМНЯЯ СВЕЖЕСТЬ 500 гр,58.0,86.1,28.099998474121094,Unknown,Unknown,Unknown,
"УПАКОВКА 
Туба НГ большая",58.0,74.9,16.900001525878906,Прочее,Unknown,Unknown,
Чай SIGURD зелёный лимонный мирт-вербена 15*2гр,58.0,76.0,18.0,Прочее,Unknown,Unknown,
"Шоколад молочный с начинкой MEGA DRIVE арахис, нуга, мягкая карамель 47 гр",57.0,64.3,7.3000030517578125,Прочее,BC,ШОКОЛАД,867.6
Карамель Барбарис леденцовая РОТФРОНТ 1 кг,56.031,57.699997,1.6689969482421887,ТОП66,AA,КАРАМЕЛЬ,1501.6999999999998
Набор 1500 Аленка,56.0,39.300003,16.699996948242188,Прочее,Unknown,Unknown,
"Мороженое КОРОВКА ИЗ КОРЕНОВКИ ""Эскимо"" в шоколадной глазури 70 г 15%",56.0,59.7,3.700000762939453,Прочее,Unknown,Unknown,
Мармелад NEO-BOTANICA NATURA с черной смородиной и семенами чиа 200 г,56.0,59.1,3.0999984741210938,Прочее,AA,Мармелад,780.8
Пакет подарочный 23*18*10,56.0,72.4,16.400001525878906,Прочее,Unknown,Unknown,
"Мороженое КОРОВКА ИЗ КОРЕНОВКИ ""Пломбир"" фисташковый 80 г 15%",56.0,40.2,15.799999237060547,Прочее,Unknown,Unknown,
Набор 1150 Аленка,56.0,59.5,3.5,Прочее,Unknown,Unknown,
Зефир NEO-BOTANICA  Vitamin с кусочками брусники 250 гр,56.0,62.1,6.099998474121094,Прочее,AA,ЗЕФИР И ПАСТИЛА,1215.52
КОНФ КОР Трюфели 300 г,56.0,47.4,8.599998474121094,ЛА,CC,КОНФЕТЫ В КОРОБКАХ,2267.4
Чай цельнолистовой А.П. СЕЛИВАНОВ Рябиновый вальс  180 гр,56.0,79.4,23.400001525878906,Прочее,Unknown,Unknown,
Зефир NEO-BOTANICA смузи абрикос-манго 280 гр,56.0,61.8,5.799999237060547,Прочее,AA,ЗЕФИР И ПАСТИЛА,1359.84
КОНФ ВЕС Птичье молоко с шоколадным вкусом,55.544,69.8,14.256003051757816,ЛА,CC,КОНФЕТЫ ВЕСОВЫЕ,1867.02
КОНФ ВЕС МЕДОВЫЙ НЕКТАР,55.486000000000004,55.699997,0.2139969482421833,ЛА,CC,КОНФЕТЫ ВЕСОВЫЕ,6124.8
КОНФ ВЕС ВИШНЕВОЕ ИСКУШЕНИЕ,55.138999999999996,52.2,2.9389992370605427,ЛА,CC,КОНФЕТЫ ВЕСОВЫЕ,1473.69
КОНФ ВЕС Коровка любимая бк2,55.084,39.4,15.683998474121097,Прочее,BB,КОНФЕТЫ ВЕСОВЫЕ,2186.92
КОНФ КОР Тамбовский волк 225 гр,55.0,66.8,11.800003051757812,ЛА,CB,КОНФЕТЫ В КОРОБКАХ,4874.34
КОНФ ВЕС Восточный грильяж,54.385999999999996,38.9,15.48599847412109,Прочее,CC,КОНФЕТЫ ВЕСОВЫЕ,2774.6
КОНФ ВЕС Ореховая роща улуч э,54.092999999999996,56.3,2.2069992370605505,Прочее,AA,КОНФЕТЫ ВЕСОВЫЕ,3582.4800000000005
Шоколад NEO-BOTANICA молочный со злаками и витаминами No sugar added 90 гр,54.0,63.3,9.299999237060547,Прочее,CC,ШОКОЛАД,5616.900000000001
Шоколад БАБАЕВСКИЙ Элитный 75% горький 200 гр,54.0,58.7,4.700000762939453,ТОП66,BB,ШОКОЛАД,8096.32
КОНФ ВЕС Трюфели вкус имбирно пряничный,53.899,44.8,9.099000762939454,ТОП66,CC,КОНФЕТЫ ВЕСОВЫЕ,2919.1499999999996
Новогодний подарок ЛЮБИМЫЕ С ДЕТСТВА КОНФЕТА 350 гр,53.0,20.0,33.0,Unknown,Unknown,Unknown,
Шоколад Аленка с начинкой соленая карамель и арахис 87 гр КРАСНЫЙ ОКТЯБРЬ,53.0,64.0,11.0,ТОП66,CC,ШОКОЛАД,1985.1
КОНФ ВЕС ДАРЫ СИБИРИ КЕДРОВЫЙ ОРЕХ,52.667,55.5,2.8329999999999984,ЛА,CC,КОНФЕТЫ ВЕСОВЫЕ,5248.7
Пирожные бисквитные Аленка со вкусом молочного шоколада 175 гр,52.0,58.6,6.599998474121094,ТОП66,AA,БИСКВИТЫ,1636.44
"Торт вафельный РОТ ФРОНТ ""Коровка"" ассорти со вкусом топленого молока 180 г",52.0,41.199997,10.800003051757812,Прочее,BB,ТОРТЫ,991.86
КОНФ ВЕС СКАЗКА Фея вкус крыжовник,51.457,50.300003,1.1569969482421882,ЛА,CC,КОНФЕТЫ ВЕСОВЫЕ,1249.08
Набор кондитерских изделий АЛЕНКА МАТРЕШКА 300 гр,51.0,21.3,29.700000762939453,Unknown,Unknown,Unknown,
"Конфеты NEO-BOTANICA ""Смузи"" Light ананас-манго 150 гр",51.0,86.2,35.19999694824219,Прочее,BC,КОНФЕТЫ ВЕСОВЫЕ,1133.0
Шоколад молочный РОТ ФРОНТ с арахисом и вафельной крошкой  75 гр,50.0,57.2,7.200000762939453,Прочее,Unknown,ШОКОЛАД,13395.84
КОНФ Батончики со сниженным сахаром Украли сахар 170 г КРАСНЫЙ ОКТЯБРЬ,50.0,56.3,6.299999237060547,Unknown,Unknown,Unknown,
"Конфеты NEO-BOTANICA ""Смузи"" Light черника-банан 150 гр",50.0,58.3,8.299999237060547,Прочее,AB,КОНФЕТЫ ВЕСОВЫЕ,1133.0
Мармелад NEO-BOTANICA Light Абрикос-миндаль 150 гр,50.0,53.199997,3.1999969482421875,Прочее,AA,Мармелад,1006.9
Кофе флэт вайт,50.0,63.5,13.5,Прочее,Unknown,Unknown,
Набор 800 Аленка,50.0,44.6,5.400001525878906,Прочее,Unknown,Unknown,
Крекер Фермерский с ароматом сыра 200 гр,50.0,56.3,6.299999237060547,ЛА,CC,"ГАЛЕТЫ И КРЕКЕРЫ, ХЛЕБЦЫ",1034.6
КОНФ КОР Тарханы 450 гр,50.0,67.8,17.800003051757812,ЛА,BB,КОНФЕТЫ В КОРОБКАХ,8336.039999999999
КОНФ КОР Красный Октябрь 280 гр,50.0,47.8,2.200000762939453,Прочее,CC,КОНФЕТЫ В КОРОБКАХ,11194.68
Конфеты Маршмеллашки с творогом со вкусом банана 140 гр КРАСНЫЙ ОКТЯБРЬ,50.0,42.5,7.5,Прочее,CC,КОНФЕТЫ ВЕСОВЫЕ,1220.0
КОНФ ВЕС ЛУННАЯ НОЧЬ купол,49.184,47.3,1.8840007629394506,ЛА,BC,КОНФЕТЫ ВЕСОВЫЕ,1136.91
КАРАМЕЛЬ Москворецкая,49.117999999999995,33.0,16.117999999999995,Прочее,BB,КАРАМЕЛЬ,3599.89
Печенье NEO BOTANICA Light овсяное греческое с кунжутом 280 гр,49.0,53.1,4.099998474121094,Прочее,BC,ПЕЧЕНЬЕ,1821.45
КОНФ ВЕС ОЗОРНОЙ МИШКА со вкусом сливочного ириса,48.954,46.2,2.7539992370605475,ЛА,AB,КОНФЕТЫ ВЕСОВЫЕ,1453.71
КОНФ ВЕС КОРОВКА вкус топленое молоко,48.445,42.5,5.945,Прочее,BC,КОНФЕТЫ ВЕСОВЫЕ,4900.05
Десерт Самойловский классический,48.248,43.7,4.547999237060544,ЛА,BC,ПРОЧИЕ САХАРИСТЫЕ,614.484
Зефир NEO BOTANICA смузи черника-черная смородина 280 г,48.0,54.5,6.5,Прочее,AA,ЗЕФИР И ПАСТИЛА,1359.84
Зефир Воздушный поцелуй с апельсином 250 гр,48.0,41.5,6.5,ЛА,BC,ЗЕФИР И ПАСТИЛА,849.84
Какао Принцесса гранулированный 300 гр,48.0,77.0,29.0,Прочее,Unknown,Unknown,
Набор 3300 Аленка,48.0,30.400002,17.599998474121094,Прочее,Unknown,Unknown,
"Напиток чайный А.П.СЕЛИВАНОВ ""Иван-чай"" цельнолистовой 50 г",48.0,59.0,11.0,Прочее,Unknown,Unknown,
КОНФ КОР ВДОХНОВЕНИЕ 215 гр,48.0,59.899998,11.89999771118164,Unknown,Unknown,Unknown,
КОНФ ВЕС Суфле Коровка вкус Топленое молоко,47.751999999999995,48.8,1.0479992370605515,Прочее,BB,КОНФЕТЫ ВЕСОВЫЕ,2023.586
КОНФ ВЕС Toffee de luxe классик,47.711,37.5,10.210999999999999,Прочее,BC,КОНФЕТЫ ВЕСОВЫЕ,2070.92
КОНФ ВЕС Птичье молоко сливочный крем,47.595,31.8,15.795000762939452,ЛА,BC,КОНФЕТЫ ВЕСОВЫЕ,1472.94
КОНФ ВЕС Буревестник Красный Октябрь,47.387,49.6,2.2129984741210933,Прочее,AA,КОНФЕТЫ ВЕСОВЫЕ,4176.69
КОНФ ВЕС СКАЗКА Фея вкус инжир,47.256,61.800003,14.544003051757812,ЛА,CC,КОНФЕТЫ ВЕСОВЫЕ,1249.08
Смесь для коктейля гранулированная БЕЛЫЙ МИШКА малина 300 гр,47.0,50.2,3.200000762939453,Unknown,Unknown,Unknown,
Печенье Аленка вкус Любимое молоко с витаминами 190 гр,47.0,52.8,5.799999237060547,Прочее,AB,ПЕЧЕНЬЕ,876.9
КОНФ ВЕС Новосибирские,46.564,57.800003,11.236003051757812,ЛА,BB,КОНФЕТЫ ВЕСОВЫЕ,5110.7
КОНФ ВЕС Ёшкина коровка,45.95,40.8,5.150000762939456,Прочее,CC,КОНФЕТЫ ВЕСОВЫЕ,2509.65
КОНФ ВЕС Нива с вафельной крошкой,45.448,47.9,2.452001525878906,ЛА,CC,КОНФЕТЫ ВЕСОВЫЕ,2894.96
КОНФ ВЕС ТАМБОВСКИЙ ВОЛК Грильяж,45.354,31.0,14.354,ЛА,CC,КОНФЕТЫ ВЕСОВЫЕ,2217.54
КОНФ КОР Коровка 180 гр,45.0,67.1,22.099998474121094,Прочее,CC,КОНФЕТЫ В КОРОБКАХ,1669.77
КОНФ ВЕС ЧУДО-ЯГОДА МАРМЕЛАДНАЯ КУРАГА,44.730000000000004,42.3,2.430000762939457,ЛА,CC,КОНФЕТЫ ВЕСОВЫЕ,1182.48
КОНФ ВЕС ПЕСНИ КОЛЬЦОВА купол,44.381,28.300001,16.08099885559082,ЛА,CC,КОНФЕТЫ ВЕСОВЫЕ,1494.1200000000001
Пряник ТУЛЬСКИЙ с имбирем и марципановой начинкой 130 г,44.0,35.5,8.5,ТОП66,CC,ПРЯНИКИ И КОВРИЖКИ,1322.42
КОНФ ВЕС Горьковские,43.784,29.1,14.683999618530272,ЛА,CC,КОНФЕТЫ ВЕСОВЫЕ,10809.6
КОНФ ВЕС Курага с орехом в шоколадной глазури кг,43.626999999999995,60.7,17.073000762939458,ЛА,CB,КОНФЕТЫ ВЕСОВЫЕ,7629.0599999999995
КОНФ ВЕС Матрёшка вафельные с ореховым вкусом,43.176,38.800003,4.375996948242189,Прочее,BB,КОНФЕТЫ ВЕСОВЫЕ,1492.2240000000002
КОНФ ВЕС Озорной мишка со вкусом пломбира,43.129000000000005,44.8,1.670999237060542,ЛА,BC,КОНФЕТЫ ВЕСОВЫЕ,1453.71
КОНФ ВЕС Звонкое лето Вкус вишня,43.088,34.1,8.988001525878907,Прочее,BC,КОНФЕТЫ ВЕСОВЫЕ,1560.24
Зефир ВДОХНОВЕНИЕ с миндалем в темном шоколаде 230 гр,43.0,53.2,10.200000762939453,ТОП66,CC,ЗЕФИР И ПАСТИЛА,1962.3600000000001
Зефир Воздушный поцелуй с дыней 250 гр,43.0,38.3,4.700000762939453,ЛА,BB,ЗЕФИР И ПАСТИЛА,849.84
Шоколад БАБАЕВСКИЙ темный с цельным миндалем 200 г,43.0,47.0,4.0,Unknown,Unknown,Unknown,
КОНФ ВЕС Звонкое лето вкус черная смородина РОТ ФРОНТ,42.766,40.2,2.565999237060545,Прочее,BC,КОНФЕТЫ ВЕСОВЫЕ,1647.96
КОНФ ВЕС неглазированные с желейными корпусами Желато-Мармелато,42.428,33.2,9.227999237060544,ТОП66,BC,КОНФЕТЫ ВЕСОВЫЕ,1869.1499999999999
Карамель МЯТНАЯ,42.4,37.2,5.1999992370605455,Прочее,AB,КАРАМЕЛЬ,1219.04
КОНФ ВЕС ВОРОНЕЖСКИЕ,42.017,38.6,3.4170015258789093,ЛА,CC,КОНФЕТЫ ВЕСОВЫЕ,2480.32
Зефир NEO BOTANICA  vitamin ванильный 250 г,42.0,52.7,10.700000762939453,Прочее,AA,ЗЕФИР И ПАСТИЛА,1215.52
Печенье NEO BOTANICA Natura сдобное цельнозерновое с ягодами 160 г,42.0,70.0,28.0,Прочее,CC,ПЕЧЕНЬЕ,1662.84
Напиток чайный сухой Белый Мишка ДЕТСКИЙ ЧАЙ ФРУКТОВЫЙ яблоко-ромашка 250 гр,42.0,55.1,13.099998474121094,Прочее,Unknown,Unknown,
КОНФ ВЕС ЧУДО-ЯГОДА с коллагеном со вкусом грейпфрут,41.922000000000004,36.3,5.622000762939457,ЛА,CC,КОНФЕТЫ ВЕСОВЫЕ,1134.15
КОНФ ВЕС ЧУДО-ЯГОДА с коллагеном со вкусом киви,41.663,39.4,2.2629984741210905,ЛА,CC,КОНФЕТЫ ВЕСОВЫЕ,1134.15
КОНФ ВЕС ЧУДО-ЯГОДА мармеладный чернослив,41.084999999999994,35.3,5.785000762939447,ЛА,CC,КОНФЕТЫ ВЕСОВЫЕ,1182.48
Какао-напиток растворимый БЕЛЫЙ МИШКА 300 г,41.0,54.8,13.799999237060547,Unknown,Unknown,Unknown,
Конфеты MEGA DRIVE с семенами конопли с ароматом Экзотик 55 гр,41.0,70.2,29.199996948242188,Unknown,Unknown,Unknown,
Вафли Артек 200 гр РОТ ФРОНТ,41.0,61.800003,20.800003051757812,Прочее,AA,ВАФЛИ,1906.3999999999999
Карамель Лимончики с фруктово-ягодной начинкой РОТ ФРОНТ,40.898,46.4,5.502001525878903,ТОП66,AB,КАРАМЕЛЬ,1188.0
КОНФ ВЕС Метелица,40.794,40.3,0.49400076293945006,Unknown,Unknown,Unknown,
КОНФ ВЕС Вдохновение с миндальным кремом и целым миндалем,40.625,33.9,6.724998474121094,Прочее,CC,КОНФЕТЫ ВЕСОВЫЕ,4249.74
Карамель Лимонная с помадной начинкой РОТ ФРОНТ 6 кг,40.312,41.9,1.5880015258789086,Прочее,AA,КАРАМЕЛЬ,1807.44
Набор кондитерских изделий АЛЕНКА КОНФЕТА 301 гр,40.0,147.9,107.89999389648438,Unknown,Unknown,Unknown,
Шоколад БАБАЕВСКИЙ с начинкой Апельсиновый брауни и целым фундуком 165 гр,40.0,67.0,27.0,ТОП66,BB,ШОКОЛАД,3436.29
Зефир Воздушный поцелуй с черной смородиной 300 гр,40.0,38.3,1.7000007629394531,ЛА,AA,ЗЕФИР И ПАСТИЛА,1050.9
Вафли ОБОЖАЙКА с ароматом кофе с молоком 225 гр,40.0,40.3,0.2999992370605469,ЛА,BB,ВАФЛИ,1364.6000000000001
КОНФ КОР Набор конф Москва Счастливые моменты 177 гр КРАСНЫЙ ОКТЯБРЬ,40.0,47.1,7.099998474121094,Unknown,Unknown,Unknown,
Эскимо Коровка из Кореновки пломбир МОЛ ШОК Бельгийский шоколад 70 гр,40.0,57.2,17.200000762939453,Прочее,Unknown,Unknown,
КОНФ КОР Визит 215 гр БАБАЕВСКИЙ,40.0,37.3,2.700000762939453,Unknown,Unknown,Unknown,
КОНФ КОР Красный Октябрь 105 гр,40.0,40.0,0.0,Прочее,CC,КОНФЕТЫ В КОРОБКАХ,4924.0
КОНФ КОР Ассорти КРАСНЫЙ ОКТЯБРЬ 185 гр,40.0,44.1,4.099998474121094,Прочее,AA,КОНФЕТЫ В КОРОБКАХ,3524.32
Рожок КОРОВКА ИЗ КОРЕНОВКИ пломбир с брусничным джемом 70 гр,40.0,53.9,13.900001525878906,Прочее,Unknown,Unknown,
КОНФ ВЕС НЕЖЕНКА вкус клубника 3 кг,39.92,40.3,0.37999923706054517,Прочее,BC,КОНФЕТЫ ВЕСОВЫЕ,1337.67
КОНФ ВЕС Бабаевские оригинальные с фундуком и какао 1 кг,39.665,46.8,7.134999237060548,ТОП66,AA,КОНФЕТЫ ВЕСОВЫЕ,3103.84
"Вафли ИКФ ""Артековские"" 200 г",39.0,24.3,14.700000762939453,ЛА,BC,ВАФЛИ,765.24
КОНФ КОР Осенний вальс 320 гр,39.0,31.4,7.600000381469727,Прочее,BB,КОНФЕТЫ В КОРОБКАХ,6191.84
Печенье NEO BOTANICA Natura сдобное цельнозерновое 160 г,39.0,66.3,27.300003051757812,Прочее,CC,ПЕЧЕНЬЕ,1662.84
"Печенье СОРМОВСКОЕ ""Земляничка"" 50 г",39.0,37.9,1.0999984741210938,ЛА,AB,ПЕЧЕНЬЕ,789.0
КОНФ ВЕС Киви улуч э,38.554,39.4,0.8460015258789042,Прочее,BB,КОНФЕТЫ ВЕСОВЫЕ,3650.1000000000004
Карамель Дюшес,38.462,38.4,0.06199847412109705,Прочее,AB,КАРАМЕЛЬ,1468.1999999999998
Чай SIGURD чёрный малина-мята 15*2гр,38.0,46.3,8.299999237060547,Прочее,Unknown,Unknown,
КОНФ ВЕС Mega Drive с гуараной с ароматом Кола Лимон Лайм 1/55,38.0,35.3,2.700000762939453,Прочее,CC,КОНФЕТЫ ВЕСОВЫЕ,2147.4
"Ассорти чайное SIGURD 4 вкуса (смородина, клубника, малина, лимонный мирь) 2 гр*32 пак",38.0,50.2,12.200000762939453,Прочее,Unknown,Unknown,
Пакет Аленка фирменный Супер большой 32*45,38.0,26.699999,11.30000114440918,Прочее,Unknown,Unknown,
КОНФ ВЕС АССОРТИ микс,37.813,27.0,10.813000000000002,ЛА,CC,КОНФЕТЫ ВЕСОВЫЕ,5129.68
КОНФ ВЕС Батончики Ореховая роща КРАСНЫЙ ОКТЯБРЬ,37.267,41.6,4.332998474121091,ТОП66,AB,КОНФЕТЫ ВЕСОВЫЕ,2884.1000000000004
Смесь для коктейля гранулированная БЕЛЫЙ МИШКА голубика-ежевика 300 гр,37.0,40.3,3.299999237060547,Unknown,Unknown,Unknown,
Печенье NEO-BOTANICA NATURA со злаками абрикосом и морковными цукатами 280 гр,37.0,37.1,0.09999847412109375,Прочее,CC,ПЕЧЕНЬЕ,1821.45
КОНФ ВЕС Птичье молоко вкус нежные сливки,36.797,29.8,6.99700076293945,Прочее,CC,КОНФЕТЫ ВЕСОВЫЕ,1891.77
КОНФ ВЕС Ну ка отними вкус шоколадный крем,36.687,31.4,5.287000381469724,Прочее,BB,КОНФЕТЫ ВЕСОВЫЕ,1345.12
КОНФ ВЕС Toffee Premio (тоффи премио),36.489999999999995,29.599998,6.890001525878901,Прочее,BC,КОНФЕТЫ ВЕСОВЫЕ,1256.22
КОНФ ВЕС Звонкое лето вкус клубника РОТ ФРОНТ,36.42,35.0,1.4200000000000017,Прочее,BC,КОНФЕТЫ ВЕСОВЫЕ,1612.92
КОНФ ВЕС Москва вечерняя улуч э,36.204,35.2,1.0039992370605475,Unknown,Unknown,Unknown,
КОНФ ВЕС Барокко вкус сливочно-кофейный крем,36.041,29.3,6.74100076293945,Прочее,BC,КОНФЕТЫ ВЕСОВЫЕ,1433.19
Пакет Аленка фирменный большой 25*35,36.0,32.8,3.200000762939453,Прочее,Unknown,Unknown,
Шоколад Аленка Ванильный пломбир молочный 67 гр,36.0,49.199997,13.199996948242188,Прочее,BB,ШОКОЛАД,2939.94
Пряник Аленка с начинкой со вкусом вареной сгущенки 53 гр,36.0,45.2,9.200000762939453,Прочее,CC,ПРЯНИКИ И КОВРИЖКИ,1432.8
Торт Алёнка вафельный с миндалем и вкусом соленой карамели 250 гр,36.0,35.5,0.5,Прочее,BC,ТОРТЫ,1178.8799999999999
КОНФ ВЕС Мой костер ШФН,35.956,43.9,7.944001525878903,ЛА,CB,КОНФЕТЫ ВЕСОВЫЕ,3965.16
КОНФ ВЕС СКАЗКА Фея земляника 3 кг,35.954,37.0,1.0459999999999994,ЛА,CC,КОНФЕТЫ ВЕСОВЫЕ,1249.08
Карамель МЕЧТА,35.692,36.1,0.4079984741210936,Прочее,BC,КАРАМЕЛЬ,1261.52
Печенье Аленка Брауни сдобное мягкое с шоколадом и орехами 138 гр,35.0,44.8,9.799999237060547,Прочее,BB,ПЕЧЕНЬЕ,1559.3999999999999
Десерт Аленка с начинкой вкус соленая карамель 150 гр,35.0,54.4,19.400001525878906,Unknown,Unknown,Unknown,
Крекер ECO BOTANICA с отрубями со сладким перцем и зеленью 175 г,35.0,30.9,4.100000381469727,Unknown,Unknown,Unknown,
КОНФ ВЕС Toffee Original (тоффи оригинальные) с начинкой желейная с шоколадным вкусом бк2,34.775999999999996,28.9,5.876000381469723,Прочее,BC,КОНФЕТЫ ВЕСОВЫЕ,2068.72
КОНФ ВЕС Конфеты шоколадные с шоколадной начинкой,34.644,33.2,1.4439992370605452,ЛА,CC,КОНФЕТЫ ВЕСОВЫЕ,3881.8
КАРАМЕЛЬ РОТ ФРОНТ ТРЮФЕЛЬНАЯ,34.566,23.7,10.86599923706055,Unknown,Unknown,Unknown,
КОНФ ВЕС Mega drive КРАСНЫЙ ОКТЯБРЬ 4 кг,34.522,37.9,3.378001525878908,Прочее,BB,КОНФЕТЫ ВЕСОВЫЕ,2991.2
"Мороженое КОРОВКА ИЗ КОРЕНОВКИ ""Кубанская лакомка"" пломбир в шоколадной глазури 90 г 15%",34.0,30.3,3.700000762939453,Прочее,Unknown,Unknown,
КОНФ КОР Визит 400 гр,34.0,28.7,5.299999237060547,Прочее,AA,КОНФЕТЫ В КОРОБКАХ,6371.6
Напиток чайный растворимый Белый Мишка  ДЕТСКИЙ ЧАЙ С МАЛИНОЙ И ШИПОВНИКОМ,34.0,44.5,10.5,Прочее,Unknown,Unknown,
Печенье Аленка вкус молочный шоколад с витаминами 190 гр,34.0,47.3,13.299999237060547,Прочее,AB,ПЕЧЕНЬЕ,876.9
КАРАМЕЛЬ Таёжная с клюквой,32.504,42.9,10.396001525878908,Unknown,Unknown,Unknown,
Зефир СЛАДКИЕ ИСТОРИИ со вкусом крем-брюле 250 гр,32.0,36.3,4.299999237060547,ТОП66,AA,ЗЕФИР И ПАСТИЛА,1172.4
КОНФ КОР ВДОХНОВЕНИЕ 400 гр,32.0,45.300003,13.300003051757812,ТОП66,AA,КОНФЕТЫ В КОРОБКАХ,6261.36
Кофе сублимированный А.П. СЕЛИВАНОВ Brazil Bland ст/б 190 гр,32.0,33.800003,1.8000030517578125,Unknown,Unknown,Unknown,
"Шоколад Коровка с арахисом, фундуком и вафельной крошкой 75 гр",32.0,61.8,29.799999237060547,Прочее,CC,ШОКОЛАД,13395.84
КОНФ КОР НИВА с вафельной крошкой 280 гр,32.0,37.0,5.0,ЛА,CC,КОНФЕТЫ В КОРОБКАХ,3860.4
Зефир СЛАДКИЕ ИСТОРИИ с клюквенными кусочками 250 гр,32.0,31.800001,0.1999988555908203,ТОП66,AA,ЗЕФИР И ПАСТИЛА,1225.68
КОНФ КОР Старинная открытка книга малая 160г,32.0,27.5,4.5,Прочее,CC,КОНФЕТЫ В КОРОБКАХ,10166.96
КОНФ ВЕС ПЕСНИ КОЛЬЦОВА,31.973,38.100002,6.12700228881836,ЛА,BC,КОНФЕТЫ ВЕСОВЫЕ,2788.04
КОНФ ВЕС Звездный дождь РОТ ФРОНТ,31.766,26.8,4.966000762939451,Прочее,BC,КОНФЕТЫ ВЕСОВЫЕ,2207.3999999999996
КОНФ ВЕС Аленка вафельные с фундуком КРАСНЫЙ ОКТЯБРЬ,31.235,22.6,8.634999618530273,Прочее,CC,КОНФЕТЫ ВЕСОВЫЕ,1608.5
КОНФ ВЕС Семейка Сов,31.005,30.3,0.7050007629394521,Прочее,BC,КОНФЕТЫ ВЕСОВЫЕ,1458.58
РУЛЕТ БИСКВИТНЫЙ Аленка вкус молочный шоколад 200 гр,31.0,29.0,2.0,Прочее,AA,БИСКВИТЫ,1456.8000000000002
КОНФ ВЕС СЛАВЯНСКИЙ ПРОСТОР,30.901,36.0,5.099,Прочее,AA,КОНФЕТЫ ВЕСОВЫЕ,3962.16
КОНФ ВЕС Ёшкина коровка супер сгущенка РОТ ФРОНТ 1 кг,30.785999999999998,24.3,6.486000762939451,Прочее,BC,КОНФЕТЫ ВЕСОВЫЕ,1878.32
КАРАМЕЛЬ Апельсиновая,30.712,31.8,1.0879992370605471,Прочее,AA,КАРАМЕЛЬ,1923.1799999999998
КОНФ ВЕС Мишка косолапый с ореховой нач и орехами,30.096000000000004,28.3,1.7960007629394568,Прочее,BC,КОНФЕТЫ ВЕСОВЫЕ,2157.62
Шоколад БАБАЕВСКИЙ темный с целым фундуком 200 гр,30.0,28.9,1.1000003814697266,Unknown,Unknown,Unknown,
Десерт Аленка с начинкой вкус шоколад 150 гр,30.0,61.6,31.599998474121094,Прочее,AA,ПРОЧИЕ МУЧНИСТЫЕ,1785.0
КОНФ КОР Русь Тройка Ассорти 540 г,30.0,38.4,8.400001525878906,ЛА,CB,КОНФЕТЫ В КОРОБКАХ,6645.18
Шоколад Молочный батончик Аленка пломбирное облако 45 гр,30.0,48.4,18.400001525878906,Прочее,CC,ШОКОЛАД,2776.96
Шоколад ВДОХНОВЕНИЕ со вкусом кофейного ликера 100 г,30.0,31.3,1.2999992370605469,Unknown,Unknown,Unknown,
КОНФ КОР СЛИВОЧНАЯ ПОМАДКА С КОКОСОМ 180 гр,30.0,8.2,21.800000190734863,Прочее,Unknown,КОНФЕТЫ В КОРОБКАХ,1083.96
Конфеты Маршмеллашки с творогом и вкусом манго 140 гр,30.0,33.0,3.0,Unknown,Unknown,Unknown,
КОНФ КОР Набор шок конф Аленка из молочного шоколада 185 г,30.0,27.6,2.3999996185302734,Прочее,BB,КОНФЕТЫ В КОРОБКАХ,4773.3
"Мороженое КОРОВКА ИЗ КОРЕНОВКИ ""Кубанская лакомка"" крем-брюле в шок-слив. глазури 90 г 15%",30.0,29.4,0.6000003814697266,Прочее,Unknown,Unknown,
КОНФ КОР Южуралкондитер Фирменный СССР 200 гр,30.0,39.0,9.0,ЛА,CC,КОНФЕТЫ В КОРОБКАХ,9589.7
Торт вафельный Бабаевская белочка с карамелью и орехами 220 гр БАБАЕВСКИЙ,30.0,19.9,10.100000381469727,Прочее,BB,ТОРТЫ,1132.26
Торт АЛЕНКА вафельный со сливочным вкусом и миндалем 250 г,30.0,35.1,5.099998474121094,Прочее,CC,ТОРТЫ,1178.8799999999999
Печенье Аленка сахарное с какао 155 гр,30.0,33.7,3.700000762939453,Unknown,Unknown,Unknown,
Подарочный сертификат 1000 АЛЕНКА,30.0,43.2,13.200000762939453,Прочее,Unknown,Unknown,
Конфеты Маршмеллашки с творогом с ванильным вкусом 140 гр КРАСНЫЙ ОКТЯБРЬ,30.0,31.9,1.8999996185302734,Прочее,CC,КОНФЕТЫ ВЕСОВЫЕ,1220.0
КОНФ ВЕС вафельные Коровка молочная РОТ ФРОНТ,29.918,38.7,8.782000762939454,ТОП66,AB,КОНФЕТЫ ВЕСОВЫЕ,1177.88
КОНФ ВЕС Трюфели Экстра,29.772,28.3,1.4720007629394516,Unknown,Unknown,Unknown,
КОНФ ВЕС ЩЕЛКУНЧИК ЭКСТРА,29.532,24.5,5.032,ЛА,CC,КОНФЕТЫ ВЕСОВЫЕ,3636.9900000000002
Шоколад БАБАЕВСКИЙ темный с имбирным печеньем 90 г,29.0,50.5,21.5,Прочее,CC,ШОКОЛАД,17947.24
Шоколад Сибирский сувенир 340 гр,29.0,38.7,9.700000762939453,ЛА,CC,ШОКОЛАД,7960.12
"Шоколад Коровка с арахисом, фундуком и изюмом 75 гр",29.0,66.5,37.5,Прочее,CC,ШОКОЛАД,13395.84
КАРАМЕЛЬ СЛИВА,28.511,31.5,2.9890000000000008,Прочее,AA,КАРАМЕЛЬ,1971.48
КОНФ ВЕС Фонарики вареная сгущенка РОТ ФРОНТ,28.364,31.599998,3.235998474121093,Прочее,BB,КОНФЕТЫ ВЕСОВЫЕ,1243.3
Набор 1120 Аленка,28.0,32.800003,4.8000030517578125,Прочее,Unknown,Unknown,
Набор 820 Аленка,28.0,82.9,54.900001525878906,Прочее,Unknown,Unknown,
Кисель СЕЛИВАНОВ брикет №8 200 гр вишня,28.0,45.0,17.0,Прочее,Unknown,Unknown,
Кофе сублимированный А.П. СЕЛИВАНОВ Venice Versed ст/б 190 гр,28.0,32.2,4.200000762939453,Unknown,Unknown,Unknown,
"Пряник ТУЛЬСКИЙ яблоко, корица 500 гр",28.0,38.1,10.099998474121094,ЛА,CC,ПРЯНИКИ И КОВРИЖКИ,1360.88
Рулет Бисквитный Чудо-ягода с абрикосом 200 гр,28.0,27.4,0.6000003814697266,Unknown,Unknown,Unknown,
КОНФ КОР Птичье молоко крас 200 гр,28.0,28.4,0.39999961853027344,Unknown,Unknown,Unknown,
Пряники К чаю 350 гр,27.0,19.599998,7.400001525878906,Прочее,BC,ПРЯНИКИ И КОВРИЖКИ,832.02
Пряники К чаю со вкусом шоколада 350 гр,27.0,16.9,10.100000381469727,Прочее,AB,ПРЯНИКИ И КОВРИЖКИ,776.86
Кофе сублимированный А.П. СЕЛИВАНОВ Ethiopia Ardent ст/б 190 гр,27.0,29.8,2.799999237060547,Unknown,Unknown,Unknown,
КОНФ ВЕС ТРЮФЕЛИ СОРМОВСКИЕ,26.837,27.0,0.16300000000000026,ЛА,CC,КОНФЕТЫ ВЕСОВЫЕ,4000.76
КОНФ ВЕС Матрешка с печеньем РОТ ФРОНТ,26.527,31.0,4.472999999999999,Прочее,BC,КОНФЕТЫ ВЕСОВЫЕ,2109.4
КОНФ ВЕС Вдохновение с шоколадно-ореховым кремом и целым фундуком,26.403,26.699999,0.2969988555908216,Прочее,CC,КОНФЕТЫ ВЕСОВЫЕ,2846.82
Шоколад молочный РОТ ФРОНТ с арахисом и изюмом 75 гр,26.0,71.5,45.5,Прочее,Unknown,ШОКОЛАД,13395.84
Шоколад Аленка с фундуком 90 гр,26.0,86.9,60.900001525878906,ТОП66,BB,ШОКОЛАД,19854.0
КОНФ ВЕС NEO BOTANICA Vitamin с брусникой и морошкой,25.043,25.3,0.2569992370605476,Unknown,Unknown,Unknown,
КОНФ КОР Богатство Урала 420 гр,25.0,16.5,8.5,ЛА,CB,КОНФЕТЫ В КОРОБКАХ,4092.51
Крекер NEO BOTANICA NATURA с томатом и базиликом 175 г,25.0,41.699997,16.699996948242188,Прочее,CB,"ГАЛЕТЫ И КРЕКЕРЫ, ХЛЕБЦЫ",1893.4
Крекер NEO BOTANICA no sugar added с картофелем и зеленью 175 г,25.0,25.1,0.10000038146972656,Прочее,BB,"ГАЛЕТЫ И КРЕКЕРЫ, ХЛЕБЦЫ",1893.4
КОНФ ВЕС Восточные мотивы,24.828,31.900002,7.072001525878907,Прочее,AC,КОНФЕТЫ ВЕСОВЫЕ,1668.44
КОНФ ВЕС вафельные Коровка вкус шоколад,24.828,33.0,8.172,ТОП66,AA,КОНФЕТЫ ВЕСОВЫЕ,1177.88
Карамель ЛАКОМКА супермолочная,24.287,27.0,2.713000000000001,ЛА,BB,КАРАМЕЛЬ,1073.12
КОНФ ВЕС Звонкое лето с начинкой со вкусом абрикоса РОТ ФРОНТ 4 кг,24.253,27.8,3.5469992370605468,Прочее,BC,КОНФЕТЫ ВЕСОВЫЕ,1565.68
КОНФ ВЕС Ананасные,24.07,17.9,6.170000381469727,ЛА,CC,КОНФЕТЫ ВЕСОВЫЕ,2838.76
КОНФ ВЕС Тамбовская казначейша грильяж кг,24.01,34.800003,10.790003051757811,ЛА,CC,КОНФЕТЫ ВЕСОВЫЕ,4590.4800000000005
Новогодний подарок ПРАЗДНИЧНЫЙ 1000 гр,24.0,23.3,0.7000007629394531,Unknown,Unknown,Unknown,
Зефир СЛАДКИЕ ИСТОРИИ с ванильным вкусом 250 гр,24.0,35.5,11.5,ТОП66,AA,ЗЕФИР И ПАСТИЛА,1172.4
КОНФ КОР Старинная открытка книга большая 260г,24.0,19.7,4.299999237060547,Прочее,CB,КОНФЕТЫ В КОРОБКАХ,10771.98
Мармелад Чудо-ягода нежный вкус яблока апельсина и дыни 250 гр,24.0,32.6,8.599998474121094,Прочее,AA,Мармелад,1195.08
Зефир Воздушный поцелуй глазированный Экстра 260г,24.0,13.6,10.399999618530273,ЛА,CC,ЗЕФИР И ПАСТИЛА,1527.24
КОНФ КОР Золотистые орешки КРАСНЫЙ ОКТЯБРЬ 200 гр,24.0,33.0,9.0,ЛА,CC,КОНФЕТЫ В КОРОБКАХ,1919.52
Напиток чайный сухой Белый Мишка ДЕТСКИЙ ЧАЙ ФРУКТОВЫЙ яблоко-банан-груша 250 гр,24.0,25.9,1.8999996185302734,Прочее,Unknown,Unknown,
КОНФ КОР Ассорти шоколадные 320 г,24.0,38.6,14.599998474121094,ЛА,CC,КОНФЕТЫ В КОРОБКАХ,3482.34
Печенье Аленка сдобное хрустящее с фундуком и шоколадом 136 гр,24.0,51.2,27.200000762939453,Прочее,BB,ПЕЧЕНЬЕ,1404.84
Пакет подарочный 26*32*14,24.0,35.5,11.5,Прочее,Unknown,Unknown,
"Зефир ВДОХНОВЕНИЕ ""Ягодное парфе"" в темном шоколаде 245 г",24.0,35.5,11.5,ТОП66,AA,ЗЕФИР И ПАСТИЛА,2127.36
Печенье Аленка сдобное хрустящее с фундуком и шоколадом 170 гр,24.0,51.9,27.900001525878906,Прочее,BA,ПЕЧЕНЬЕ,1509.72
КОНФ КОР ПЕСНИ КОЛЬЦОВА 450 гр,24.0,20.4,3.6000003814697266,ЛА,BB,КОНФЕТЫ В КОРОБКАХ,1829.16
КОНФ ВЕС ЯСНАЯ ПОЛЯНА,23.967,15.799999,8.167000762939452,ЛА,CC,КОНФЕТЫ ВЕСОВЫЕ,2573.2799999999997
Карамель Клубника со сливками,23.937,24.1,0.1630003814697254,Прочее,AB,КАРАМЕЛЬ,1551.25
КОНФ ВЕС Щелкунчик с хрустящими вафлями,23.344,23.5,0.1559999999999988,ЛА,CC,КОНФЕТЫ ВЕСОВЫЕ,3745.74
КОНФ ВЕС МЕДВЕЖОНОК С ПЕЧЕНЬЕМ,23.147,17.4,5.747000381469725,ЛА,CC,КОНФЕТЫ ВЕСОВЫЕ,3438.8
Зефир ВДОХНОВЕНИЕ с миндалем в темном шоколаде 275 г,23.0,42.3,19.299999237060547,Unknown,Unknown,Unknown,
Карамель Алёнка с молочной начинкой 1 кг,22.887999999999998,25.9,3.0119996185302753,Прочее,AA,КАРАМЕЛЬ,1635.8500000000001
КАРАМЕЛЬ Черная смородина бк2,22.772,25.4,2.627999618530275,Прочее,BB,КАРАМЕЛЬ,1614.3000000000002
Пряник ТУЛЬСКИЙ с начинкой яблоко и облепиха 140 г,22.0,15.6,6.399999618530273,Unknown,Unknown,Unknown,
"Торт вафельный РОТ ФРОНТ ""Коровка"" ассорти со вкусом топленого молока 200 г",22.0,25.6,3.6000003814697266,Unknown,Unknown,Unknown,
Чайный напиток SIGURD глинтвейн 15*2гр,22.0,25.7,3.700000762939453,Прочее,Unknown,Unknown,
КОНФ КОР Набор шок конф ФАВОРИТ 530 гр жесть в футляре,22.0,37.8,15.799999237060547,Прочее,CB,КОНФЕТЫ В КОРОБКАХ,14211.51
КОНФ ВЕС БАБАЕВСКИЕ Трюфельный крем,21.646,21.599998,0.046001525878907046,ТОП66,BB,КОНФЕТЫ ВЕСОВЫЕ,2158.16
КАРАМЕЛЬ Таёжная с малиной,21.433999999999997,24.099998,2.6659984741210963,Прочее,BC,КАРАМЕЛЬ,1657.3
КОНФ ВЕС Школьные с молочным вкусом,21.049999999999997,31.2,10.150000762939456,ЛА,BB,КОНФЕТЫ ВЕСОВЫЕ,1038.1200000000001
Зефир ОБОЖАЙКА вкус ванильный 280 гр,21.0,21.1,0.10000038146972656,ЛА,AA,ЗЕФИР И ПАСТИЛА,1477.28
Рулет Бисквитный Чудо-ягода с клубникой 200 гр,21.0,17.8,3.200000762939453,Прочее,BC,БИСКВИТЫ,1349.25
Шоколад ECO-BOTANICA с абрикосом и клюквенным экстрактом 85 гр,21.0,18.1,2.8999996185302734,Unknown,Unknown,Unknown,
Кофе зерновой MOKARABIA RISTORAZION 1 кг,20.0,24.7,4.700000762939453,Прочее,Unknown,Unknown,
Чай SIGURD чёрный клубника-базилик 15*2гр,20.0,26.4,6.399999618530273,Прочее,Unknown,Unknown,
"Мороженое КОРОВКА ИЗ КОРЕНОВКИ ""Эскимо"" с печеньем в мол-шок. глазури 70 г 15%",20.0,20.4,0.39999961853027344,Прочее,Unknown,Unknown,
Набор 350 Аленка,20.0,54.5,34.5,Прочее,Unknown,Unknown,
Шоколад ECO BOTANICA горький с клюквенными ягодами 85 г,20.0,31.099998,11.099998474121094,Прочее,CC,ШОКОЛАД,5031.0
Вафли ОБОЖАЙКА со вкусом томленого молока 225 гр,20.0,31.8,11.799999237060547,ЛА,CC,ВАФЛИ,1297.8
Вафли ОБОЖАЙКА со вкусом шоколада 225 гр,20.0,17.900002,2.0999984741210938,ЛА,BB,ВАФЛИ,1200.2
Конфеты БАБАЕВСКИЙ в темном шоколаде с начинкой цельный фундук и ореховый крем 200 г,20.0,21.1,1.1000003814697266,ТОП66,BA,КОНФЕТЫ В КОРОБКАХ,7483.7
"Мармелад Чудо-ягода Летний бум со вкусом вишня, тархун-лимон, арбуз 200 гр",20.0,20.0,0.0,Unknown,Unknown,Unknown,
Конфеты БАБАЕВСКИЙ с целым фундуком и дробленым миндалем 200 г,20.0,23.7,3.700000762939453,ТОП66,AA,КОНФЕТЫ В КОРОБКАХ,7483.7
Крекер Добрый совет фруктоза отруби 190 гр,20.0,19.4,0.6000003814697266,Unknown,Unknown,Unknown,
"Пакет подарочный ""Крафт"" бумажный 20х24х10 см",20.0,21.6,1.6000003814697266,Прочее,Unknown,Unknown,
КОНФ ВЕС Щелкунчик с хрустящими шариками,19.976,24.3,4.323999237060548,ЛА,CC,КОНФЕТЫ ВЕСОВЫЕ,3745.74
КОНФ ВЕС Трюфель со вкусом шоколадный крем,19.814,27.8,7.985999237060547,ЛА,CC,КОНФЕТЫ ВЕСОВЫЕ,2810.2
КОНФ ВЕС ЦЕНТР ДЕРЖАВЫ,19.811999999999998,19.9,0.08799961853027582,ЛА,CC,КОНФЕТЫ ВЕСОВЫЕ,3019.62
Карамель Кизил с фруктовой начинкой 1 кг,19.651,21.9,2.2489996185302736,Прочее,AB,КАРАМЕЛЬ,1819.62
Печенье Аленка сахарное с какао и глазурью 190 гр,19.0,32.6,13.599998474121094,Unknown,Unknown,Unknown,
Конд плитка Хорошая компания молочная с арахисом 80 г,19.0,20.2,1.2000007629394531,Прочее,AA,ШОКОЛАД,1217.8
КОНФ ВЕС Чернослив с миндалем,18.605,20.2,1.5950007629394527,ЛА,CC,КОНФЕТЫ ВЕСОВЫЕ,3544.18
Зефир ВДОХНОВЕНИЕ Ягодное парфе в темном шоколаде 200 гр,18.0,22.2,4.200000762939453,ТОП66,CB,ЗЕФИР И ПАСТИЛА,1849.6799999999998
"Зефир ВДОХНОВЕНИЕ ""Грушевый десерт"" в темном шоколаде 245 г",18.0,19.4,1.3999996185302734,ТОП66,AA,ЗЕФИР И ПАСТИЛА,2127.36
Печенье Самойловское сахарное с отрубями и имбирем 412 гр,18.0,31.6,13.600000381469727,ЛА,CC,ПЕЧЕНЬЕ,1841.04
Печенье Самойловское с отрубями и корицей 412 гр,18.0,32.1,14.099998474121094,ЛА,CC,ПЕЧЕНЬЕ,1724.22
КОНФ КОР МОСКВА 550 гр,18.0,50.3,32.29999923706055,Прочее,CC,КОНФЕТЫ В КОРОБКАХ,12898.170000000002
КОНФ КОР Набор конфет с начинкой Красный Октябрь с целым и дробленым фундуком 200 гр,18.0,29.5,11.5,Прочее,BA,КОНФЕТЫ В КОРОБКАХ,5603.099999999999
Чайный напиток SIGURD лесная мечта 15*2гр,18.0,21.6,3.6000003814697266,Прочее,Unknown,Unknown,
Кисель СЕЛИВАНОВ брикет №7 200 гр клюква,18.0,38.1,20.099998474121094,Прочее,Unknown,Unknown,
Зефир ВДОХНОВЕНИЕ грушевый десерт в темном шоколаде 200 гр,18.0,20.7,2.700000762939453,ТОП66,BA,ЗЕФИР И ПАСТИЛА,1849.6799999999998
КОНФ КОР Ассорти Шоколадная стихия 245 гр,18.0,14.1,3.8999996185302734,ЛА,AB,КОНФЕТЫ В КОРОБКАХ,6113.94
Шоколад Аленка Шоколадный десерт молочный 67 гр,18.0,8.4,9.600000381469727,Прочее,BB,ШОКОЛАД,2939.94
Вафли ПЕНЗЕНСКАЯ КФ “Милки-Лакомки” 450 г,18.0,24.599998,6.599998474121094,ЛА,BC,ВАФЛИ,902.8
"Пряник ""Тульский"" с начинкой варёная сгущенка 350 г",18.0,24.4,6.399999618530273,ЛА,CC,ПРЯНИКИ И КОВРИЖКИ,1209.48
Вафли Артековские люкс 150 гр,18.0,19.5,1.5,Unknown,Unknown,Unknown,
КОНФ ВЕС Школьные годы,17.822,24.4,6.577999618530274,Unknown,Unknown,Unknown,
КАРАМЕЛЬ Фея,17.561999999999998,19.3,1.7379992370605493,Прочее,BC,КАРАМЕЛЬ,1501.75
КОНФ ВЕС Козиначки с солью,17.336,22.1,4.764000381469728,Unknown,Unknown,Unknown,
Шоколад Аленка в стиках 100 гр КРАСНЫЙ ОКТЯБРЬ,17.0,53.7,36.70000076293945,Unknown,Unknown,Unknown,
Вафли ОБОЖАЙКА со вкусом сливок 225 гр,17.0,26.0,9.0,ЛА,BB,ВАФЛИ,1367.2
КОНФ ВЕС Чернослив с орехами в шоколадной глазури,16.304000000000002,41.9,25.596001525878904,ЛА,CC,КОНФЕТЫ ВЕСОВЫЕ,7766.969999999999
Карамель Клюквенная РОТ ФРОНТ  1 кг,16.203,18.6,2.397000381469727,Прочее,BB,КАРАМЕЛЬ,1819.62
Рулет Бисквитный Чудо-ягода с малиной 200 гр,16.0,27.6,11.600000381469727,Unknown,Unknown,Unknown,
Новогодний подарок СКАЗОЧНЫЙ КАРНАВАЛ 624 гр,16.0,33.6,17.599998474121094,Unknown,Unknown,Unknown,
Упаковка 100 магазин Аленка,16.0,28.6,12.600000381469727,Прочее,Unknown,Unknown,
Трубочка КОРОВКА ИЗ КОРЕНОВКИ Пломбир с малиной в шоколадно-сливочной глазури 90 г,16.0,19.0,3.0,Прочее,Unknown,Unknown,
Чайный напиток SIGURD гречишный яблочный штрудель 15*2 г,16.0,12.5,3.5,Прочее,Unknown,Unknown,
Зефир Воздушный поцелуй с манго 250 гр,16.0,16.8,0.7999992370605469,ЛА,AB,ЗЕФИР И ПАСТИЛА,849.84
Набор 750 Аленка,16.0,22.7,6.700000762939453,Прочее,Unknown,Unknown,
Пряники Коровка с начинкой со вкусом шоколадного молока 300 гр,16.0,33.1,17.099998474121094,ТОП66,AA,ПРЯНИКИ И КОВРИЖКИ,1654.4
КОНФ КОР Вечерний воронеж 230 гр,16.0,19.2,3.200000762939453,ЛА,CB,КОНФЕТЫ В КОРОБКАХ,2773.5
Пряник ТУЛЬСКИЙ с фруктовой начинкой 500 гр,16.0,16.0,0.0,ЛА,CC,ПРЯНИКИ И КОВРИЖКИ,1380.84
КАРАМЕЛЬ Коровка,15.979,17.4,1.4209996185302742,Прочее,BB,КАРАМЕЛЬ,2021.3999999999999
КОНФ ВЕС Добрый совет с вафлями на фруктозе,15.954,14.200001,1.7539992370605475,ЛА,BC,КОНФЕТЫ ВЕСОВЫЕ,1560.3600000000001
КАРАМЕЛЬ Вишня улуч,15.821,20.1,4.279000381469727,Прочее,AB,КАРАМЕЛЬ,1819.62
Карамель АЛЕНКА микс вкусов,15.294,19.9,4.605999618530273,Прочее,BC,КАРАМЕЛЬ,1649.95
Карамель РОТ ФРОНТ вкус Эвкалипт-ментол,15.030000000000001,12.6,2.4299996185302746,Прочее,BC,КАРАМЕЛЬ,1080.8
Пряник Тульский с фруктовой начинкой 850 гр,15.0,11.7,3.3000001907348633,ЛА,CC,ПРЯНИКИ И КОВРИЖКИ,2348.4
Конд плитка Хорошая компания молочная с вафельной крошкой 80 г,15.0,13.5,1.5,Прочее,AB,ШОКОЛАД,1217.8
Рулет Бисквитный Чудо-ягода с вишней 200 гр,15.0,11.3,3.6999998092651367,Прочее,BC,БИСКВИТЫ,1439.85
КОНФ КОР Старинная открытка пенал 160г,15.0,15.900001,0.9000005722045898,Прочее,CC,КОНФЕТЫ В КОРОБКАХ,16888.350000000002
Вафли NEO-BOTANICA Vitamin мультизлаковые с семенами подсолнечника 145 гр,15.0,14.9,0.10000038146972656,Прочее,CC,ВАФЛИ,1375.8
Торт вафельный Самойловский классический 300 гр,15.0,9.6,5.399999618530273,ЛА,CC,ТОРТЫ,2398.35
"Шоколад ВДОХНОВЕНИЕ ""Грушевый тарт со вкусом маскарпоне"" 100 г",15.0,27.4,12.399999618530273,Прочее,CC,ШОКОЛАД,19956.64
Вафли NEO-BOTANICA Light мультизлаковое с какао и витаминами 145 гр,15.0,28.9,13.899999618530273,Прочее,CC,ВАФЛИ,1375.8
Торт вафельный Самойловский с миндалем 300 гр,15.0,7.9,7.099999904632568,Unknown,Unknown,Unknown,
КОНФ ВЕС КОРОВКА вкус шоколад,14.813,15.2,0.3869998092651361,ЛА,CC,КОНФЕТЫ ВЕСОВЫЕ,1253.76
КОНФ ВЕС КОРОВКА ирисная,14.33,22.2,7.870000762939453,Unknown,Unknown,Unknown,
КОНФ ВЕС Наслаждение с мягкой карамелью,14.09,18.7,4.610000762939453,Прочее,BB,КОНФЕТЫ ВЕСОВЫЕ,3651.2
КОНФ ВЕС Грильяжные Воздушная нуга и мягк грильяж,14.061,23.400002,9.339001525878906,Unknown,Unknown,Unknown,
КОНФ ВЕС Батончики Ореховая роща  с хрустящими вафлями КРАСНЫЙ ОКТЯБРЬ,14.032,15.200001,1.168000762939453,ТОП66,CC,КОНФЕТЫ ВЕСОВЫЕ,2881.5
Чай цельнолистовой А.П. СЕЛИВАНОВ По-русски  180 гр,14.0,32.0,18.0,Прочее,Unknown,Unknown,
Пакет Красный Октябрь фирменный большой 33*45,14.0,28.3,14.299999237060547,Прочее,Unknown,Unknown,
Зефир ОБОЖАЙКА со вкусом Кофе с молоком 280 гр,14.0,15.099999,1.0999994277954102,ЛА,AB,ЗЕФИР И ПАСТИЛА,1477.28
Зефир ОБОЖАЙКА бело-розовый 280 гр,14.0,19.4,5.399999618530273,ЛА,AA,ЗЕФИР И ПАСТИЛА,1477.28
Набор 1450 Аленка,14.0,63.800003,49.80000305175781,Прочее,Unknown,Unknown,
КОНФ КОР Набор шок конф КРАСНЫЙ ОКТЯБРЬ 300 гр жесть банка,14.0,22.9,8.899999618530273,Прочее,CC,КОНФЕТЫ В КОРОБКАХ,9951.84
КОНФ ВЕС НИЖЕГОРОДСКИЙ СУВЕНИР,13.809000000000001,11.5,2.309000000000001,ЛА,CC,КОНФЕТЫ ВЕСОВЫЕ,3913.5
КОНФ ВЕС Добрый совет с орехами на фруктозе,13.72,14.8,1.0800001907348626,ЛА,CC,КОНФЕТЫ ВЕСОВЫЕ,1560.3600000000001
Карамель МАЛИНА СО СЛИВКАМИ,13.252,13.8,0.5480001907348626,Прочее,BC,КАРАМЕЛЬ,1814.34
Карамель ЛАКОМКА суперкакао,13.067,16.7,3.633000762939453,ЛА,AB,КАРАМЕЛЬ,835.26
Пряник Забава со вкусом черной смородины 300 гр,13.0,8.1,4.899999618530273,Unknown,Unknown,Unknown,
КОНФ ВЕС Звездный август,12.664000000000001,14.1,1.436000381469725,ЛА,CC,КОНФЕТЫ ВЕСОВЫЕ,3819.3599999999997
Новогодний подарок АЛЕНКА ВЕСЕЛАЯ ДЕВОЧКА 415 гр,12.0,20.5,8.5,Unknown,Unknown,Unknown,
ПИРОЖНОЕ БИСКВИТНОЕ АЛЕНКА вкус шоколадный крем 240 г,12.0,15.6,3.6000003814697266,ТОП66,AA,БИСКВИТЫ,2625.7200000000003
Новогодний подарок ЛЮБИМЫЕ С ДЕТСТВА ЯРМАРКА ЧУДЕС 550 гр,12.0,78.6,66.5999984741211,Unknown,Unknown,Unknown,
Печенье Душистый колосок со злаками и кунжутом 300 гр,12.0,15.0,3.0,ЛА,CC,ПЕЧЕНЬЕ,1010.64
Торт Аленка вафельный с миндалем и вкусом соленой карамели 220 гр,12.0,10.1,1.8999996185302734,Unknown,Unknown,Unknown,
Вафли МИЛКИ-ЛАКОМКИ с лимонным вкусом 450 г,12.0,20.2,8.200000762939453,ЛА,BC,ВАФЛИ,926.4
Чайный напиток SIGURD гречишный чай-анчан 15*2 гр,12.0,33.4,21.400001525878906,Прочее,Unknown,Unknown,
"Чай SIGURD зелёный Mao Feng (Мао Фенг) 15*1,7гр",12.0,18.7,6.700000762939453,Прочее,Unknown,Unknown,
Зефир ОБОЖАЙКА глазированный 200 гр,12.0,6.8,5.199999809265137,ЛА,CC,ЗЕФИР И ПАСТИЛА,1315.8000000000002
Упаковка мягкая ИГРУШКА,12.0,24.0,12.0,Прочее,Unknown,Unknown,
Набор кондитерских изделий ДРУЖОК 1005 гр,12.0,28.599998,16.599998474121094,Unknown,Unknown,Unknown,
Халва подсолнечная Лакомка с семечками 250 гр РОТ ФРОНТ,12.0,23.0,11.0,Прочее,CC,ХАЛВА,1294.8000000000002
Пирожные бисквитные Аленка со сливочным кремом 150 гр,12.0,8.3,3.6999998092651367,ТОП66,CC,БИСКВИТЫ,1522.56
КОНФ ВЕС Каникулы,11.622,12.6,0.9780003814697267,ЛА,CC,КОНФЕТЫ ВЕСОВЫЕ,2420.1
Зефир СЛАДКИЕ ИСТОРИИ с клубникой 250 гр,11.0,23.4,12.399999618530273,ТОП66,AA,ЗЕФИР И ПАСТИЛА,1225.68
КОНФ ВЕС БАТОНЧИКИ на фруктозе,10.213000000000001,10.9,0.6869996185302725,ЛА,CC,КОНФЕТЫ ВЕСОВЫЕ,1753.1999999999998
КОНФ ВЕС Сибирские,10.083,8.1,1.9829996185302736,Unknown,Unknown,Unknown,
Карамель Мята-Молоко,10.078,9.0,1.0779999999999994,Прочее,CC,КАРАМЕЛЬ,952.35
упаковка 250 Аленка,10.0,64.5,54.5,Прочее,Unknown,Unknown,
Упаковка 600 магазин Аленка,10.0,18.7,8.700000762939453,Прочее,Unknown,Unknown,
Упаковка 200 магазин Аленка,10.0,19.0,9.0,Прочее,Unknown,Unknown,
Шоколад Аленка с начинкой маршмеллоу 36 гр КРАСНЫЙ ОКТЯБРЬ,10.0,129.2,119.19999694824219,Unknown,Unknown,Unknown,
Новогодний подарок ВОЛШЕБСТВО 1000 г,10.0,28.5,18.5,Unknown,Unknown,Unknown,
Пакет Вдохновение фирменный,10.0,6.3,3.6999998092651367,Прочее,Unknown,Unknown,
КОНФ КОР ВДОХНОВЕНИЕ Премиум коллекция Ассорти 102 гр,10.0,12.9,2.8999996185302734,Прочее,BB,КОНФЕТЫ В КОРОБКАХ,2938.8999999999996
Рулет бисквитный Коровка с вареной сгущенкой 200 гр,10.0,16.6,6.600000381469727,Прочее,AB,БИСКВИТЫ,1338.3
КОНФ КОР Трюфель Бабаевский Dark Truffle 200 гр,10.0,15.9,5.899999618530273,Прочее,BB,КОНФЕТЫ В КОРОБКАХ,4886.1
Конфеты КРАСНЫЙ ОКТЯБРЬ Маршмеллашки с творогом жел нач со вкусом клубники 140 гр,10.0,9.1,0.8999996185302734,Unknown,Unknown,Unknown,
Конд изделие сахаристое сбивное Bite&Go Маршмеллоу с ананасом 120 гр,10.0,16.1,6.100000381469727,Прочее,AC,ПРОЧИЕ САХАРИСТЫЕ,1055.2
Конд изделие сахаристое сбивное Bite&Go Маршмеллоу с ягодами вишни 120 гр,10.0,24.099998,14.099998474121094,Unknown,Unknown,Unknown,
Набор 2500 Аленка,10.0,18.6,8.600000381469727,Прочее,Unknown,Unknown,
КОНФ КОР Тамбовская казначейша грильяж 256 гр,10.0,10.3,0.3000001907348633,ЛА,CC,КОНФЕТЫ В КОРОБКАХ,9852.5
КОНФ ВЕС ЧАРОДЕЙКА,9.887,21.1,11.213000381469726,Unknown,Unknown,Unknown,
КОНФ ВЕС Трюфель со вкусом молочный шоколад,9.606,12.8,3.1940001907348634,ЛА,BC,КОНФЕТЫ ВЕСОВЫЕ,2661.52
Набор кондитерских изделий КРАСНЫЙ ОКТЯБРЬ ПОДАРОК ОТ ДЕДА МОРОЗА 800 гр,9.0,20.099998,11.099998474121094,Unknown,Unknown,Unknown,
Набор кондитерских изделий АЛЕНКА ДРАГОЦЕНННЫЕ МОМЕНТЫ 400 гр,9.0,19.2,10.200000762939453,Unknown,Unknown,Unknown,
ВАФЛИ Милки-Лакомки с халвой 450 г,9.0,23.6,14.600000381469727,ЛА,CC,ВАФЛИ,905.44
Вафли Милки-Лакомки с лимонным вкусом 450 гр,9.0,6.7,2.3000001907348633,ЛА,BC,ВАФЛИ,926.4
КОНФ ВЕС Аленка с орешками,8.97,14.8,5.830000190734863,Unknown,Unknown,Unknown,
КОНФ ВЕС К чаю со вкусом карамели,8.578,12.5,3.9220000000000006,ЛА,AB,КОНФЕТЫ ВЕСОВЫЕ,1832.5300000000002
КОНФ ВЕС Сказка Мореход укруп,8.004,2.9,5.103999904632568,ЛА,CC,КОНФЕТЫ ВЕСОВЫЕ,3501.48
Новогодний подарок ЛЮБИМЫЕ С ДЕТСТВА КАПРИЗ СЛАСТЕНЫ 1000 гр,8.0,28.599998,20.599998474121094,Unknown,Unknown,Unknown,
КОНФ КОР Визит 340 гр,8.0,9.6,1.6000003814697266,Прочее,BA,КОНФЕТЫ В КОРОБКАХ,5650.32
КОНФ КОР Набор шок конф ОЛЕНЬ 450 гр,8.0,9.2,1.1999998092651367,Прочее,CC,КОНФЕТЫ В КОРОБКАХ,34066.26
КОНФ КОР Ассорти Букеты  БАБАЕВСКИЙ 240 гр,8.0,21.3,13.299999237060547,ТОП66,AA,КОНФЕТЫ В КОРОБКАХ,3904.88
КОНФ КОР Ассорти Бабаевский 280 гр,8.0,11.5,3.5,Unknown,Unknown,Unknown,
Зефир СЛАДКИЕ ИСТОРИИ со вкусом персика и красного апельсина 250 гр,8.0,19.9,11.899999618530273,Unknown,Unknown,Unknown,
Зефир СЛАДКИЕ ИСТОРИИ со вкусом вишни и лайма 250 гр,8.0,8.1,0.10000038146972656,Unknown,Unknown,Unknown,
КОНФ ВЕС ЭЛЕН со вкусом клубники,7.984,11.6,3.6160003814697266,Прочее,BB,КОНФЕТЫ ВЕСОВЫЕ,1551.54
КОНФ ВЕС КОРОВКА С КОРИЦЕЙ,7.535,3.3,4.235000047683716,Unknown,Unknown,Unknown,
Конд изделие Bite&Go с начинкой манго-маракуйя Понч 150 гр,7.0,17.7,10.700000762939453,Прочее,BB,ПРОЧИЕ МУЧНИСТЫЕ,1554.0
"Торт вафельный КРАСНЫЙ ОКТЯБРЬ ""Мишка косолапый"" ассорти 250 г",7.0,14.5,7.5,Unknown,Unknown,Unknown,
КОНФ КОР ОТКРЫТОЕ ПИСЬМО 260 гр книга большая,7.0,14.5,7.5,Прочее,CC,КОНФЕТЫ В КОРОБКАХ,10771.98
КОНФ КОР Русь Есенинская 550 гр,7.0,7.3,0.3000001907348633,Прочее,CC,КОНФЕТЫ В КОРОБКАХ,11704.769999999999
КАРАМЕЛЬ Буренка,6.04,5.9,0.1399999046325684,Прочее,AA,КАРАМЕЛЬ,2015.22
КОНФ ВЕС Вдохновение с соленой карамелью и арахисом,6.034,9.5,3.466,Прочее,CC,КОНФЕТЫ ВЕСОВЫЕ,2845.0
"УПАКОВКА 
Туба НГ малая",6.0,91.1,85.0999984741211,Прочее,Unknown,Unknown,
"Мороженое КОРОВКА ИЗ КОРЕНОВКИ ""Пломбир"" с вишней 100 г 15%",6.0,16.6,10.600000381469727,Прочее,Unknown,Unknown,
КОНФ КОР Набор шок конф Красный Октябрь 380 гр Кремлевские,6.0,15.3,9.300000190734863,Прочее,CC,КОНФЕТЫ В КОРОБКАХ,13946.68
КОНФ КОР Челябинский метеорит 260 гр,6.0,11.0,5.0,ЛА,CB,КОНФЕТЫ В КОРОБКАХ,7886.76
Набор 1780 Аленка,6.0,10.5,4.5,Прочее,Unknown,Unknown,
Набор 1600 (масло),6.0,71.5,65.5,Прочее,Unknown,Unknown,
Пряник ТУЛЬСКИЙ с фруктовой начинкой 350 г,6.0,10.1,4.100000381469727,ЛА,CC,ПРЯНИКИ И КОВРИЖКИ,1266.96
Зефир ВДОХНОВЕНИЕ апельсиновое сорбе в темном шоколаде 200 гр,6.0,15.2,9.199999809265137,Unknown,Unknown,Unknown,
Пряник Коровка с начинкой вкус вареная сгущенка 300 гр,6.0,28.2,22.200000762939453,ТОП66,AB,ПРЯНИКИ И КОВРИЖКИ,620.4000000000001
Кисель СЕЛИВАНОВ брикет №5 200 гр малина,6.0,19.699999,13.69999885559082,Прочее,Unknown,Unknown,
Зефир ВДОХНОВЕНИЕ мусс манго-персик в темном шоколаде 245 г,6.0,6.4,0.40000009536743164,ТОП66,BB,ЗЕФИР И ПАСТИЛА,2127.36
"Зефир ВДОХНОВЕНИЕ ""Апельсиновое сорбе"" в темном шоколаде 245 г",6.0,6.4,0.40000009536743164,ТОП66,BA,ЗЕФИР И ПАСТИЛА,2127.36
КОНФ ВЕС ВОСТОЧНЫЙ ШЕЙХ глазиров. с грильяж.корпусом с арахисом и кунжутом,5.644,4.6000004,1.0439996185302736,Unknown,Unknown,Unknown,
"Пряник Тульский яблоко, корица 350 гр пакет",5.0,8.1,3.1000003814697266,ЛА,CC,ПРЯНИКИ И КОВРИЖКИ,1266.96
Пряник Забава с клюквенным вкусом 300 гр,5.0,9.9,4.899999618530273,ЛА,BC,ПРЯНИКИ И КОВРИЖКИ,1122.08
КОНФ КОР БАБАЕВСКИЕ цел. фундук и дроб. миндаль Dark cream collection 200 гр,5.0,9.6,4.600000381469727,ТОП66,AA,КОНФЕТЫ В КОРОБКАХ,7483.7
КОНФ ВЕС NEO BOTANICA Vitamin с имбирем,4.416,4.8,0.3840001907348629,Unknown,Unknown,Unknown,
КОНФ ВЕС ВОСТОЧНЫЙ ШЕЙХ НЕглазиров. с грильяж.корпусом с арахисом и кунжутом,4.032,3.8,0.23200004768371585,Unknown,Unknown,Unknown,
Карамель PUMPKINS со вкусом шоколада и тыквы,4.028,9.3,5.272000190734864,Unknown,Unknown,Unknown,
КОНФ КОР Сибирский сувенир Кедровый грильяж 300г,4.0,4.2,0.19999980926513672,ЛА,CC,КОНФЕТЫ ВЕСОВЫЕ,4836.76
Новогодний подарок АЛЕНКА НОВОГОДНИЙ ПОДАРОК 500 гр,4.0,8.7,4.699999809265137,Unknown,Unknown,Unknown,
Новогодний подарок ЧЕМПИОН 1000 гр,4.0,9.8,5.800000190734863,Unknown,Unknown,Unknown,
"Мороженое КОРОВКА ИЗ КОРЕНОВКИ ""Здоровый рожок"" с вареной сгущенкой 120 г 15%",4.0,8.5,4.5,Прочее,Unknown,Unknown,
Набор кондитерских изделий АЛЕНКА ВЕСЕЛЫЕ СТАРТЫ  351 гр,4.0,18.5,14.5,Unknown,Unknown,Unknown,
Карамель ПТИЧЬЕ МОЛОКО,3.899,5.1,1.2009999046325683,Unknown,Unknown,Unknown,
КОНФ ВЕС Суфле Добрый совет молочное с фруктозой,3.691,6.2,2.508999809265137,ЛА,CC,КОНФЕТЫ ВЕСОВЫЕ,2033.6100000000001
КОНФ ВЕС Аленка крем-брюле ОВАЛ Красный Октябрь,3.508,5.0,1.492,Прочее,BB,КОНФЕТЫ ВЕСОВЫЕ,5003.599999999999
Карамель СКАЗКА,3.401,7.1,3.6989999046325686,Прочее,AA,КАРАМЕЛЬ,1822.56
КОНФ ВЕС Чарли Кэмбер со вкусом сыра,3.324,17.3,13.975999237060547,Unknown,Unknown,Unknown,
Карамель Молочная сказка,3.124,6.8,3.676000190734863,Unknown,Unknown,Unknown,
Вафли Милки-Лакомки 450 гр,3.0,4.8,1.8000001907348633,ЛА,BC,ВАФЛИ,902.8
Конд изделие сахаристое сбивное Bite&Go Маршмеллоу с кокосом 120 г,3.0,10.1,7.100000381469727,Прочее,AB,ПРОЧИЕ САХАРИСТЫЕ,1055.2
Новогодний подарок НОВОГОДНЯЯ МЕЧТА 1000 гр,3.0,8.7,5.699999809265137,Unknown,Unknown,Unknown,
Конд изделие Bite&Go с вишневой начинкой Понч 150 гр,3.0,19.6,16.600000381469727,Прочее,BC,ПРОЧИЕ МУЧНИСТЫЕ,1525.05
КОНФ ВЕС Т.Рюффель со вкусом трюфеля и кокоса кг,2.989,10.9,7.910999618530274,Прочее,CC,КОНФЕТЫ ВЕСОВЫЕ,1393.17
КАРАМЕЛЬ ВЕСЕЛЫЕ ЛЕДЕНЦЫ МИКС,2.589,6.8,4.211000190734863,Прочее,CC,КАРАМЕЛЬ,1155.85
КОНФ ВЕС НАСЛАЖДЕНИЕ жареный арахис и карамель,2.524,7.5,4.976,Unknown,Unknown,Unknown,
КОНФ ВЕС Суфле Добрый совет со вкусом ванили с фруктозой,2.0469999999999997,6.3,4.253000190734864,Unknown,Unknown,Unknown,
Пакет подарочный С НОВЫМ ГОДОМ,2.0,20.900002,18.900001525878906,Прочее,Unknown,Unknown,
Подарочный сертификат 3000 АЛЕНКА,2.0,8.8,6.800000190734863,Прочее,Unknown,Unknown,
Зефир СЛАДКИЕ ИСТОРИИ со вкусом банана и малины 250 гр,2.0,12.0,10.0,Unknown,Unknown,Unknown,
Обложка на паспорт кожа,2.0,4.4,2.4000000953674316,Прочее,Unknown,Unknown,
Карамель Миньон РОТ ФРОНТ,1.608,3.1,1.4919999046325683,Unknown,Unknown,Unknown,
"Вафли РОТ ФРОНТ ""Коровка"" со  вкусом топленого молока 50 г",1.0,30.2,29.200000762939453,Прочее,BC,ВАФЛИ,5521.5
Шоколад ВДОХНОВЕНИЕ темный клубничный тарт с миндалем 100 г,1.0,18.7,17.700000762939453,Прочее,CC,ШОКОЛАД,19956.64
"Шоколад КРАСНЫЙ ОКТЯБРЬ ""Мишка косолапый"" с орехами и вафлями 75 г",1.0,20.6,19.600000381469727,Unknown,Unknown,Unknown,
КОНФ ВЕС ТАМБОВСКАЯ КАЗНАЧЕЙША ГРИЛЬЯЖ С КУРАГОЙ,0.743,1.8,1.0569999523162843,ЛА,CC,КОНФЕТЫ ВЕСОВЫЕ,1916.6
КОНФ ВЕС Суфле Добрый совет со вкусом шоколада с фруктозой,0.677,3.5,2.823,ЛА,CC,КОНФЕТЫ ВЕСОВЫЕ,2033.6100000000001
КАРАМЕЛЬ Желейная вкус апельсин,0.604,2.1,1.4959999046325683,Unknown,Unknown,Unknown,
КОНФ ВЕС Очумелый шмелик РОТ ФРОНТ,0.395,5.3999996,5.004999618530274,Прочее,BC,КОНФЕТЫ ВЕСОВЫЕ,1901.3
КАРАМЕЛЬ_Москворецкая,0.38,60.7,60.32000076293945,Прочее,Unknown,Unknown,
КОНФ ВЕС ТАМБОВСКАЯ КАЗНАЧЕЙША ГРИЛЬЯЖ С ЧЕРНОСЛИВОМ,0.332,1.8,1.467999952316284,ЛА,CC,КОНФЕТЫ ВЕСОВЫЕ,1916.6
КОНФ ВЕС Восточный шейх,0.119,0.6,0.4810000238418579,Unknown,Unknown,Unknown,
КОНФ ВЕС Т. Рюффель со вкусом трюфеля и кокоса кг,0.027,3.4,3.3730000953674315,Прочее,CC,КОНФЕТЫ ВЕСОВЫЕ,1393.17
